"数据年月","商品编码","商品名称","贸易伙伴编码","贸易伙伴名称","第一数量","第一计量单位","第二数量","第二计量单位","美元",
"202601","24041200","其他含尼古丁的非经燃烧吸用的产品","102","巴林","10621","千克","0","?","375,165",
"202601","24041200","其他含尼古丁的非经燃烧吸用的产品","106","缅甸","15256","千克","0","?","629,783",
"202601","24041200","其他含尼古丁的非经燃烧吸用的产品","108","塞浦路斯","13275","千克","0","?","541,253",
"202601","24041200","其他含尼古丁的非经燃烧吸用的产品","110","中国香港","25","千克","0","?","1,394",
"202601","24041200","其他含尼古丁的非经燃烧吸用的产品","111","印度","458","千克","0","?","19,104",
"202601","24041200","其他含尼古丁的非经燃烧吸用的产品","112","印度尼西亚","341495","千克","0","?","10,907,093",
"202601","24041200","其他含尼古丁的非经燃烧吸用的产品","114","伊拉克","2175","千克","0","?","65,200",
"202601","24041200","其他含尼古丁的非经燃烧吸用的产品","115","以色列","12120","千克","0","?","481,149",
"202601","24041200","其他含尼古丁的非经燃烧吸用的产品","116","日本","1455","千克","0","?","59,774",
"202601","24041200","其他含尼古丁的非经燃烧吸用的产品","117","约旦","484","千克","0","?","20,437",
"202601","24041200","其他含尼古丁的非经燃烧吸用的产品","118","科威特","137227","千克","0","?","6,662,499",
"202601","24041200","其他含尼古丁的非经燃烧吸用的产品","120","黎巴嫩","3703","千克","0","?","157,620",
"202601","24041200","其他含尼古丁的非经燃烧吸用的产品","122","马来西亚","747583","千克","0","?","31,013,535",
"202601","24041200","其他含尼古丁的非经燃烧吸用的产品","124","蒙古","35052","千克","0","?","1,075,619",
"202601","24041200","其他含尼古丁的非经燃烧吸用的产品","125","尼泊尔","64038","千克","0","?","2,715,366",
"202601","24041200","其他含尼古丁的非经燃烧吸用的产品","127","巴基斯坦","23037","千克","0","?","856,633",
"202601","24041200","其他含尼古丁的非经燃烧吸用的产品","129","菲律宾","70766","千克","0","?","2,593,145",
"202601","24041200","其他含尼古丁的非经燃烧吸用的产品","131","沙特阿拉伯","52269","千克","0","?","1,858,369",
"202601","24041200","其他含尼古丁的非经燃烧吸用的产品","133","韩国","997419","千克","0","?","31,166,332",
"202601","24041200","其他含尼古丁的非经燃烧吸用的产品","135","叙利亚","349","千克","0","?","3,000",
"202601","24041200","其他含尼古丁的非经燃烧吸用的产品","138","阿联酋","1295287","千克","0","?","40,563,477",
"202601","24041200","其他含尼古丁的非经燃烧吸用的产品","139","也门","1078","千克","0","?","36,734",
"202601","24041200","其他含尼古丁的非经燃烧吸用的产品","141","越南","32","千克","0","?","262",
"202601","24041200","其他含尼古丁的非经燃烧吸用的产品","146","吉尔吉斯斯坦","1200","千克","0","?","5,760",
"202601","24041200","其他含尼古丁的非经燃烧吸用的产品","147","塔吉克斯坦","1681","千克","0","?","62,809",
"202601","24041200","其他含尼古丁的非经燃烧吸用的产品","150","格鲁吉亚","61380","千克","0","?","2,173,014",
"202601","24041200","其他含尼古丁的非经燃烧吸用的产品","151","亚美尼亚","39441","千克","0","?","1,276,903",
"202601","24041200","其他含尼古丁的非经燃烧吸用的产品","152","阿塞拜疆","218710","千克","0","?","7,064,437",
"202601","24041200","其他含尼古丁的非经燃烧吸用的产品","214","吉布提","829","千克","0","?","39,868",
"202601","24041200","其他含尼古丁的非经燃烧吸用的产品","215","埃及","20710","千克","0","?","699,503",
"202601","24041200","其他含尼古丁的非经燃烧吸用的产品","223","科特迪瓦","1112","千克","0","?","34,194",
"202601","24041200","其他含尼古丁的非经燃烧吸用的产品","224","肯尼亚","513","千克","0","?","14,000",
"202601","24041200","其他含尼古丁的非经燃烧吸用的产品","226","利比亚","27339","千克","0","?","902,744",
"202601","24041200","其他含尼古丁的非经燃烧吸用的产品","227","马达加斯加","202","千克","0","?","6,619",
"202601","24041200","其他含尼古丁的非经燃烧吸用的产品","230","毛里塔尼亚","19768","千克","0","?","627,047",
"202601","24041200","其他含尼古丁的非经燃烧吸用的产品","232","摩洛哥","246593","千克","0","?","6,118,891",
"202601","24041200","其他含尼古丁的非经燃烧吸用的产品","234","纳米比亚","1752","千克","0","?","69,750",
"202601","24041200","其他含尼古丁的非经燃烧吸用的产品","236","尼日利亚","14900","千克","0","?","481,248",
"202601","24041200","其他含尼古丁的非经燃烧吸用的产品","240","塞内加尔","760","千克","0","?","34,800",
"202601","24041200","其他含尼古丁的非经燃烧吸用的产品","244","南非","189013","千克","0","?","6,841,189",
"202601","24041200","其他含尼古丁的非经燃烧吸用的产品","248","多哥","680","千克","0","?","12,832",
"202601","24041200","其他含尼古丁的非经燃烧吸用的产品","249","突尼斯","3271","千克","0","?","113,493",
"202601","24041200","其他含尼古丁的非经燃烧吸用的产品","253","赞比亚","2610","千克","0","?","89,003",
"202601","24041200","其他含尼古丁的非经燃烧吸用的产品","254","津巴布韦","29113","千克","0","?","909,317",
"202601","24041200","其他含尼古丁的非经燃烧吸用的产品","301","比利时","7262","千克","0","?","425,714",
"202601","24041200","其他含尼古丁的非经燃烧吸用的产品","302","丹麦","961","千克","0","?","50,577",
"202601","24041200","其他含尼古丁的非经燃烧吸用的产品","303","英国","1469839","千克","0","?","48,474,508",
"202601","24041200","其他含尼古丁的非经燃烧吸用的产品","304","德国","518858","千克","0","?","24,516,970",
"202601","24041200","其他含尼古丁的非经燃烧吸用的产品","305","法国","114762","千克","0","?","4,196,023",
"202601","24041200","其他含尼古丁的非经燃烧吸用的产品","306","爱尔兰","22893","千克","0","?","899,476",
"202601","24041200","其他含尼古丁的非经燃烧吸用的产品","307","意大利","222362","千克","0","?","8,071,431",
"202601","24041200","其他含尼古丁的非经燃烧吸用的产品","308","卢森堡","484","千克","0","?","11,487",
"202601","24041200","其他含尼古丁的非经燃烧吸用的产品","309","荷兰","352419","千克","0","?","11,915,023",
"202601","24041200","其他含尼古丁的非经燃烧吸用的产品","310","希腊","32992","千克","0","?","2,155,715",
"202601","24041200","其他含尼古丁的非经燃烧吸用的产品","311","葡萄牙","20094","千克","0","?","500,074",
"202601","24041200","其他含尼古丁的非经燃烧吸用的产品","312","西班牙","147441","千克","0","?","4,877,186",
"202601","24041200","其他含尼古丁的非经燃烧吸用的产品","313","阿尔巴尼亚","2704","千克","0","?","110,335",
"202601","24041200","其他含尼古丁的非经燃烧吸用的产品","315","奥地利","72676","千克","0","?","2,687,315",
"202601","24041200","其他含尼古丁的非经燃烧吸用的产品","316","保加利亚","44022","千克","0","?","1,490,611",
"202601","24041200","其他含尼古丁的非经燃烧吸用的产品","318","芬兰","2748","千克","0","?","78,390",
"202601","24041200","其他含尼古丁的非经燃烧吸用的产品","321","匈牙利","2102","千克","0","?","17,918",
"202601","24041200","其他含尼古丁的非经燃烧吸用的产品","322","冰岛","11590","千克","0","?","406,288",
"202601","24041200","其他含尼古丁的非经燃烧吸用的产品","327","波兰","57783","千克","0","?","1,818,697",
"202601","24041200","其他含尼古丁的非经燃烧吸用的产品","328","罗马尼亚","37400","千克","0","?","2,425,347",
"202601","24041200","其他含尼古丁的非经燃烧吸用的产品","329","圣马力诺","1525","千克","0","?","56,500",
"202601","24041200","其他含尼古丁的非经燃烧吸用的产品","330","瑞典","79270","千克","0","?","2,261,423",
"202601","24041200","其他含尼古丁的非经燃烧吸用的产品","331","瑞士","46269","千克","0","?","2,007,730",
"202601","24041200","其他含尼古丁的非经燃烧吸用的产品","334","爱沙尼亚","8772","千克","0","?","458,248",
"202601","24041200","其他含尼古丁的非经燃烧吸用的产品","335","拉脱维亚","43466","千克","0","?","2,017,658",
"202601","24041200","其他含尼古丁的非经燃烧吸用的产品","336","立陶宛","3179","千克","0","?","128,236",
"202601","24041200","其他含尼古丁的非经燃烧吸用的产品","340","白俄罗斯","6172","千克","0","?","224,438",
"202601","24041200","其他含尼古丁的非经燃烧吸用的产品","343","摩尔多瓦","144050","千克","0","?","4,171,020",
"202601","24041200","其他含尼古丁的非经燃烧吸用的产品","344","俄罗斯","972227","千克","0","?","36,346,786",
"202601","24041200","其他含尼古丁的非经燃烧吸用的产品","347","乌克兰","1149","千克","0","?","70,038",
"202601","24041200","其他含尼古丁的非经燃烧吸用的产品","350","斯洛文尼亚","9615","千克","0","?","451,920",
"202601","24041200","其他含尼古丁的非经燃烧吸用的产品","351","克罗地亚","116594","千克","0","?","7,340,566",
"202601","24041200","其他含尼古丁的非经燃烧吸用的产品","352","捷克","45926","千克","0","?","1,625,729",
"202601","24041200","其他含尼古丁的非经燃烧吸用的产品","353","斯洛伐克","24169","千克","0","?","1,112,756",
"202601","24041200","其他含尼古丁的非经燃烧吸用的产品","355","波斯尼亚和黑塞哥维那","3579","千克","0","?","149,523",
"202601","24041200","其他含尼古丁的非经燃烧吸用的产品","358","塞尔维亚","16707","千克","0","?","568,512",
"202601","24041200","其他含尼古丁的非经燃烧吸用的产品","359","黑山","2853","千克","0","?","62,086",
"202601","24041200","其他含尼古丁的非经燃烧吸用的产品","408","玻利维亚
","57","千克","0","?","2,502",
"202601","24041200","其他含尼古丁的非经燃烧吸用的产品","411","开曼群岛","571","千克","0","?","20,718",
"202601","24041200","其他含尼古丁的非经燃烧吸用的产品","412","智利","15413","千克","0","?","719,103",
"202601","24041200","其他含尼古丁的非经燃烧吸用的产品","413","哥伦比亚","71448","千克","0","?","3,038,326",
"202601","24041200","其他含尼古丁的非经燃烧吸用的产品","415","哥斯达黎加","11967","千克","0","?","440,604",
"202601","24041200","其他含尼古丁的非经燃烧吸用的产品","418","多米尼加
","7412","千克","0","?","258,193",
"202601","24041200","其他含尼古丁的非经燃烧吸用的产品","419","厄瓜多尔","19937","千克","0","?","738,105",
"202601","24041200","其他含尼古丁的非经燃烧吸用的产品","423","危地马拉","3937","千克","0","?","141,653",
"202601","24041200","其他含尼古丁的非经燃烧吸用的产品","424","圭亚那","6181","千克","0","?","306,720",
"202601","24041200","其他含尼古丁的非经燃烧吸用的产品","426","洪都拉斯","3367","千克","0","?","180,144",
"202601","24041200","其他含尼古丁的非经燃烧吸用的产品","427","牙买加","81","千克","0","?","3,000",
"202601","24041200","其他含尼古丁的非经燃烧吸用的产品","432","巴拿马","9595","千克","0","?","297,218",
"202601","24041200","其他含尼古丁的非经燃烧吸用的产品","433","巴拉圭","187989","千克","0","?","6,562,717",
"202601","24041200","其他含尼古丁的非经燃烧吸用的产品","434","秘鲁","11614","千克","0","?","418,354",
"202601","24041200","其他含尼古丁的非经燃烧吸用的产品","440","萨尔瓦多","172","千克","0","?","6,927",
"202601","24041200","其他含尼古丁的非经燃烧吸用的产品","442","特立尼达和多巴哥","5169","千克","0","?","153,038",
"202601","24041200","其他含尼古丁的非经燃烧吸用的产品","444","乌拉圭","1325","千克","0","?","45,934",
"202601","24041200","其他含尼古丁的非经燃烧吸用的产品","501","加拿大","569193","千克","0","?","20,501,748",
"202601","24041200","其他含尼古丁的非经燃烧吸用的产品","502","美国","5345731","千克","0","?","205,334,402",
"202601","24041200","其他含尼古丁的非经燃烧吸用的产品","503","格陵兰","868","千克","0","?","25,900",
"202601","24041200","其他含尼古丁的非经燃烧吸用的产品","601","澳大利亚","12869","千克","0","?","881,878",
"202601","24041200","其他含尼古丁的非经燃烧吸用的产品","609","新西兰","112893","千克","0","?","5,425,316",
"202601","24041200","其他含尼古丁的非经燃烧吸用的产品","613","所罗门群岛","541","千克","0","?","11,978",
"202601","24041200","其他含尼古丁的非经燃烧吸用的产品","623","法属波利尼西亚","3580","千克","0","?","117,290",
"202601","24041990","其他含尼古丁代用品的非经燃烧吸用的产品","110","中国香港","0","千克","0","?","6",
"202601","24041990","其他含尼古丁代用品的非经燃烧吸用的产品","112","印度尼西亚","1097","千克","0","?","68,561",
"202601","24041990","其他含尼古丁代用品的非经燃烧吸用的产品","115","以色列","207","千克","0","?","3,941",
"202601","24041990","其他含尼古丁代用品的非经燃烧吸用的产品","116","日本","106725","千克","0","?","4,775,993",
"202601","24041990","其他含尼古丁代用品的非经燃烧吸用的产品","118","科威特","56","千克","0","?","3,200",
"202601","24041990","其他含尼古丁代用品的非经燃烧吸用的产品","120","黎巴嫩","28","千克","0","?","1,600",
"202601","24041990","其他含尼古丁代用品的非经燃烧吸用的产品","122","马来西亚","4111","千克","0","?","95,623",
"202601","24041990","其他含尼古丁代用品的非经燃烧吸用的产品","127","巴基斯坦","740","千克","0","?","25,900",
"202601","24041990","其他含尼古丁代用品的非经燃烧吸用的产品","133","韩国","51068","千克","0","?","1,292,758",
"202601","24041990","其他含尼古丁代用品的非经燃烧吸用的产品","138","阿联酋","5691","千克","0","?","210,433",
"202601","24041990","其他含尼古丁代用品的非经燃烧吸用的产品","146","吉尔吉斯斯坦","7","千克","0","?","340",
"202601","24041990","其他含尼古丁代用品的非经燃烧吸用的产品","152","阿塞拜疆","1899","千克","0","?","55,948",
"202601","24041990","其他含尼古丁代用品的非经燃烧吸用的产品","226","利比亚","487","千克","0","?","42,000",
"202601","24041990","其他含尼古丁代用品的非经燃烧吸用的产品","232","摩洛哥","499","千克","0","?","6,988",
"202601","24041990","其他含尼古丁代用品的非经燃烧吸用的产品","244","南非","210","千克","0","?","8,971",
"202601","24041990","其他含尼古丁代用品的非经燃烧吸用的产品","303","英国","3559","千克","0","?","105,087",
"202601","24041990","其他含尼古丁代用品的非经燃烧吸用的产品","304","德国","11145","千克","0","?","432,416",
"202601","24041990","其他含尼古丁代用品的非经燃烧吸用的产品","305","法国","8316","千克","0","?","350,283",
"202601","24041990","其他含尼古丁代用品的非经燃烧吸用的产品","307","意大利","6327","千克","0","?","227,557",
"202601","24041990","其他含尼古丁代用品的非经燃烧吸用的产品","309","荷兰","3841","千克","0","?","105,340",
"202601","24041990","其他含尼古丁代用品的非经燃烧吸用的产品","310","希腊","272","千克","0","?","14,111",
"202601","24041990","其他含尼古丁代用品的非经燃烧吸用的产品","312","西班牙","9765","千克","0","?","324,732",
"202601","24041990","其他含尼古丁代用品的非经燃烧吸用的产品","315","奥地利","1330","千克","0","?","46,966",
"202601","24041990","其他含尼古丁代用品的非经燃烧吸用的产品","316","保加利亚","562","千克","0","?","18,932",
"202601","24041990","其他含尼古丁代用品的非经燃烧吸用的产品","327","波兰","13499","千克","0","?","481,385",
"202601","24041990","其他含尼古丁代用品的非经燃烧吸用的产品","328","罗马尼亚","2320","千克","0","?","95,533",
"202601","24041990","其他含尼古丁代用品的非经燃烧吸用的产品","329","圣马力诺","2340","千克","0","?","81,000",
"202601","24041990","其他含尼古丁代用品的非经燃烧吸用的产品","330","瑞典","3614","千克","0","?","84,642",
"202601","24041990","其他含尼古丁代用品的非经燃烧吸用的产品","331","瑞士","482","千克","0","?","19,745",
"202601","24041990","其他含尼古丁代用品的非经燃烧吸用的产品","335","拉脱维亚","819","千克","0","?","46,461",
"202601","24041990","其他含尼古丁代用品的非经燃烧吸用的产品","336","立陶宛","75","千克","0","?","4,450",
"202601","24041990","其他含尼古丁代用品的非经燃烧吸用的产品","344","俄罗斯","1832","千克","0","?","64,236",
"202601","24041990","其他含尼古丁代用品的非经燃烧吸用的产品","347","乌克兰","715","千克","0","?","29,994",
"202601","24041990","其他含尼古丁代用品的非经燃烧吸用的产品","351","克罗地亚","6676","千克","0","?","433,990",
"202601","24041990","其他含尼古丁代用品的非经燃烧吸用的产品","352","捷克","293","千克","0","?","40,007",
"202601","24041990","其他含尼古丁代用品的非经燃烧吸用的产品","353","斯洛伐克","222","千克","0","?","10,368",
"202601","24041990","其他含尼古丁代用品的非经燃烧吸用的产品","358","塞尔维亚","582","千克","0","?","25,862",
"202601","24041990","其他含尼古丁代用品的非经燃烧吸用的产品","432","巴拿马","605","千克","0","?","28,260",
"202601","24041990","其他含尼古丁代用品的非经燃烧吸用的产品","501","加拿大","7105","千克","0","?","262,480",
"202601","24041990","其他含尼古丁代用品的非经燃烧吸用的产品","502","美国","110995","千克","0","?","4,691,370",
"202601","24041990","其他含尼古丁代用品的非经燃烧吸用的产品","601","澳大利亚","212","千克","0","?","2,970",
"202601","24041990","其他含尼古丁代用品的非经燃烧吸用的产品","609","新西兰","29","千克","0","?","3,414",
"202601","85434000","电子烟及类似的个人电子雾化设备","102","巴林","31470","台","3300","千克","271,939",
"202601","85434000","电子烟及类似的个人电子雾化设备","108","塞浦路斯","17404","台","1432","千克","46,904",
"202601","85434000","电子烟及类似的个人电子雾化设备","110","中国香港","1832","台","98","千克","6,990",
"202601","85434000","电子烟及类似的个人电子雾化设备","112","印度尼西亚","3356052","台","240385","千克","10,744,854",
"202601","85434000","电子烟及类似的个人电子雾化设备","114","伊拉克","6800","台","1454","千克","190,600",
"202601","85434000","电子烟及类似的个人电子雾化设备","115","以色列","1075363","台","91406","千克","3,460,817",
"202601","85434000","电子烟及类似的个人电子雾化设备","116","日本","1812645","台","262986","千克","57,293,599",
"202601","85434000","电子烟及类似的个人电子雾化设备","117","约旦","870","台","221","千克","26,744",
"202601","85434000","电子烟及类似的个人电子雾化设备","118","科威特","17960","台","1849","千克","192,519",
"202601","85434000","电子烟及类似的个人电子雾化设备","120","黎巴嫩","10040","台","2072","千克","309,922",
"202601","85434000","电子烟及类似的个人电子雾化设备","122","马来西亚","1078922","台","90153","千克","3,864,899",
"202601","85434000","电子烟及类似的个人电子雾化设备","124","蒙古","87542","台","7250","千克","292,684",
"202601","85434000","电子烟及类似的个人电子雾化设备","125","尼泊尔","22229","台","1989","千克","110,089",
"202601","85434000","电子烟及类似的个人电子雾化设备","127","巴基斯坦","513650","台","29105","千克","1,558,902",
"202601","85434000","电子烟及类似的个人电子雾化设备","129","菲律宾","433130","台","24571","千克","1,492,949",
"202601","85434000","电子烟及类似的个人电子雾化设备","131","沙特阿拉伯","112862","台","14935","千克","1,408,997",
"202601","85434000","电子烟及类似的个人电子雾化设备","133","韩国","833796","台","83047","千克","8,167,531",
"202601","85434000","电子烟及类似的个人电子雾化设备","135","叙利亚","2000","台","76","千克","1,000",
"202601","85434000","电子烟及类似的个人电子雾化设备","137","土耳其","15390","台","4409","千克","686,739",
"202601","85434000","电子烟及类似的个人电子雾化设备","138","阿联酋","705381","台","55522","千克","3,188,649",
"202601","85434000","电子烟及类似的个人电子雾化设备","145","哈萨克斯坦","69780","台","12450","千克","2,562,698",
"202601","85434000","电子烟及类似的个人电子雾化设备","146","吉尔吉斯斯坦","21978","台","5775","千克","695,363",
"202601","85434000","电子烟及类似的个人电子雾化设备","147","塔吉克斯坦","19119","台","675","千克","164,978",
"202601","85434000","电子烟及类似的个人电子雾化设备","149","乌兹别克斯坦","50","台","6","千克","839",
"202601","85434000","电子烟及类似的个人电子雾化设备","150","格鲁吉亚","49697","台","3805","千克","489,071",
"202601","85434000","电子烟及类似的个人电子雾化设备","151","亚美尼亚","19530","台","3649","千克","491,393",
"202601","85434000","电子烟及类似的个人电子雾化设备","152","阿塞拜疆","14264","台","2801","千克","274,921",
"202601","85434000","电子烟及类似的个人电子雾化设备","215","埃及","1113490","台","24844","千克","912,625",
"202601","85434000","电子烟及类似的个人电子雾化设备","224","肯尼亚","4200","台","166","千克","9,229",
"202601","85434000","电子烟及类似的个人电子雾化设备","226","利比亚","24010","台","2547","千克","132,254",
"202601","85434000","电子烟及类似的个人电子雾化设备","227","马达加斯加","1035","台","89","千克","5,124",
"202601","85434000","电子烟及类似的个人电子雾化设备","230","毛里塔尼亚","11002","台","1123","千克","42,511",
"202601","85434000","电子烟及类似的个人电子雾化设备","232","摩洛哥","56350","台","7330","千克","248,088",
"202601","85434000","电子烟及类似的个人电子雾化设备","234","纳米比亚","1798","台","235","千克","25,968",
"202601","85434000","电子烟及类似的个人电子雾化设备","236","尼日利亚","78221","台","5600","千克","202,327",
"202601","85434000","电子烟及类似的个人电子雾化设备","244","南非","281288","台","16048","千克","874,348",
"202601","85434000","电子烟及类似的个人电子雾化设备","249","突尼斯","1800","台","460","千克","54,138",
"202601","85434000","电子烟及类似的个人电子雾化设备","253","赞比亚","2354","台","104","千克","6,070",
"202601","85434000","电子烟及类似的个人电子雾化设备","301","比利时","1352","台","82","千克","4,069",
"202601","85434000","电子烟及类似的个人电子雾化设备","302","丹麦","26961","台","2533","千克","229,466",
"202601","85434000","电子烟及类似的个人电子雾化设备","303","英国","23456316","台","1361421","千克","55,277,830",
"202601","85434000","电子烟及类似的个人电子雾化设备","304","德国","1829943","台","189643","千克","27,878,890",
"202601","85434000","电子烟及类似的个人电子雾化设备","305","法国","1690495","台","283566","千克","12,153,253",
"202601","85434000","电子烟及类似的个人电子雾化设备","306","爱尔兰","272598","台","22539","千克","1,076,395",
"202601","85434000","电子烟及类似的个人电子雾化设备","307","意大利","989918","台","70954","千克","5,911,015",
"202601","85434000","电子烟及类似的个人电子雾化设备","309","荷兰","694157","台","39852","千克","3,815,293",
"202601","85434000","电子烟及类似的个人电子雾化设备","310","希腊","182796","台","14648","千克","1,821,829",
"202601","85434000","电子烟及类似的个人电子雾化设备","312","西班牙","402963","台","26211","千克","2,368,505",
"202601","85434000","电子烟及类似的个人电子雾化设备","314","安道尔","4340","台","484","千克","16,432",
"202601","85434000","电子烟及类似的个人电子雾化设备","315","奥地利","221600","台","10328","千克","610,717",
"202601","85434000","电子烟及类似的个人电子雾化设备","316","保加利亚","60249","台","4093","千克","333,095",
"202601","85434000","电子烟及类似的个人电子雾化设备","321","匈牙利","7845","台","1823","千克","112,567",
"202601","85434000","电子烟及类似的个人电子雾化设备","322","冰岛","1812","台","84","千克","9,709",
"202601","85434000","电子烟及类似的个人电子雾化设备","324","马耳他","5310","台","381","千克","28,350",
"202601","85434000","电子烟及类似的个人电子雾化设备","326","挪威","2546","台","272","千克","24,643",
"202601","85434000","电子烟及类似的个人电子雾化设备","327","波兰","491893","台","42526","千克","12,387,028",
"202601","85434000","电子烟及类似的个人电子雾化设备","328","罗马尼亚","238560","台","20336","千克","11,829,288",
"202601","85434000","电子烟及类似的个人电子雾化设备","329","圣马力诺","4695","台","494","千克","39,397",
"202601","85434000","电子烟及类似的个人电子雾化设备","330","瑞典","38351","台","3076","千克","207,550",
"202601","85434000","电子烟及类似的个人电子雾化设备","331","瑞士","148295","台","11907","千克","548,917",
"202601","85434000","电子烟及类似的个人电子雾化设备","334","爱沙尼亚","4000","台","171","千克","12,294",
"202601","85434000","电子烟及类似的个人电子雾化设备","335","拉脱维亚","12900","台","1051","千克","49,120",
"202601","85434000","电子烟及类似的个人电子雾化设备","336","立陶宛","19622","台","2453","千克","183,631",
"202601","85434000","电子烟及类似的个人电子雾化设备","340","白俄罗斯","17806","台","1288","千克","64,198",
"202601","85434000","电子烟及类似的个人电子雾化设备","343","摩尔多瓦","29936","台","2372","千克","177,121",
"202601","85434000","电子烟及类似的个人电子雾化设备","344","俄罗斯","936744","台","135199","千克","10,482,167",
"202601","85434000","电子烟及类似的个人电子雾化设备","347","乌克兰","233139","台","21041","千克","2,576,075",
"202601","85434000","电子烟及类似的个人电子雾化设备","350","斯洛文尼亚","18554","台","1409","千克","139,985",
"202601","85434000","电子烟及类似的个人电子雾化设备","351","克罗地亚","750025","台","28393","千克","6,256,800",
"202601","85434000","电子烟及类似的个人电子雾化设备","352","捷克","355517","台","15388","千克","1,128,018",
"202601","85434000","电子烟及类似的个人电子雾化设备","353","斯洛伐克","33980","台","1732","千克","192,706",
"202601","85434000","电子烟及类似的个人电子雾化设备","355","波斯尼亚和黑塞哥维那","20350","台","946","千克","67,280",
"202601","85434000","电子烟及类似的个人电子雾化设备","358","塞尔维亚","122015","台","7878","千克","771,726",
"202601","85434000","电子烟及类似的个人电子雾化设备","412","智利","55024","台","3611","千克","341,193",
"202601","85434000","电子烟及类似的个人电子雾化设备","413","哥伦比亚","17158","台","8828","千克","684,554",
"202601","85434000","电子烟及类似的个人电子雾化设备","415","哥斯达黎加","290","台","51","千克","4,086",
"202601","85434000","电子烟及类似的个人电子雾化设备","417","库拉索
","60","台","18","千克","3,180",
"202601","85434000","电子烟及类似的个人电子雾化设备","418","多米尼加
","181385","台","8485","千克","542,535",
"202601","85434000","电子烟及类似的个人电子雾化设备","419","厄瓜多尔","14808","台","1856","千克","150,841",
"202601","85434000","电子烟及类似的个人电子雾化设备","423","危地马拉","8400","台","265","千克","33,631",
"202601","85434000","电子烟及类似的个人电子雾化设备","429","墨西哥","6420","台","1482","千克","141,087",
"202601","85434000","电子烟及类似的个人电子雾化设备","433","巴拉圭","33481","台","2146","千克","148,703",
"202601","85434000","电子烟及类似的个人电子雾化设备","434","秘鲁","5695","台","389","千克","20,127",
"202601","85434000","电子烟及类似的个人电子雾化设备","435","波多黎各","10220","台","255","千克","20,128",
"202601","85434000","电子烟及类似的个人电子雾化设备","444","乌拉圭","2240","台","387","千克","48,720",
"202601","85434000","电子烟及类似的个人电子雾化设备","501","加拿大","2036254","台","80082","千克","5,385,778",
"202601","85434000","电子烟及类似的个人电子雾化设备","502","美国","41934969","台","1368806","千克","91,447,705",
"202601","85434000","电子烟及类似的个人电子雾化设备","601","澳大利亚","19855","台","2925","千克","190,857",
"202601","85434000","电子烟及类似的个人电子雾化设备","609","新西兰","555256","台","40666","千克","1,932,540",
"202601","85434000","电子烟及类似的个人电子雾化设备","626","美属萨摩亚
","1460","台","143","千克","6,370",
"202601","85434000","电子烟及类似的个人电子雾化设备","629","关岛
","146","台","35","千克","2,317",
"202601","85439090","品目8543所列其他设备及装置的零件","102","巴林","2786","千克","0","?","293,195",
"202601","85439090","品目8543所列其他设备及装置的零件","103","孟加拉国","11070","千克","0","?","129,602",
"202601","85439090","品目8543所列其他设备及装置的零件","105","文莱","2","千克","0","?","12",
"202601","85439090","品目8543所列其他设备及装置的零件","106","缅甸","30","千克","0","?","50",
"202601","85439090","品目8543所列其他设备及装置的零件","107","柬埔寨","170964","千克","0","?","180,252",
"202601","85439090","品目8543所列其他设备及装置的零件","108","塞浦路斯","262","千克","0","?","52,885",
"202601","85439090","品目8543所列其他设备及装置的零件","110","中国香港","115158","千克","0","?","14,659,802",
"202601","85439090","品目8543所列其他设备及装置的零件","111","印度","345794","千克","0","?","3,948,755",
"202601","85439090","品目8543所列其他设备及装置的零件","112","印度尼西亚","507382","千克","0","?","27,438,402",
"202601","85439090","品目8543所列其他设备及装置的零件","113","伊朗","566","千克","0","?","80,312",
"202601","85439090","品目8543所列其他设备及装置的零件","114","伊拉克","600","千克","0","?","11,315",
"202601","85439090","品目8543所列其他设备及装置的零件","115","以色列","17753","千克","0","?","789,205",
"202601","85439090","品目8543所列其他设备及装置的零件","116","日本","49805","千克","0","?","3,942,181",
"202601","85439090","品目8543所列其他设备及装置的零件","117","约旦","21495","千克","0","?","603,494",
"202601","85439090","品目8543所列其他设备及装置的零件","118","科威特","2195","千克","0","?","227,850",
"202601","85439090","品目8543所列其他设备及装置的零件","119","老挝","54","千克","0","?","1,921",
"202601","85439090","品目8543所列其他设备及装置的零件","120","黎巴嫩","17","千克","0","?","1,314",
"202601","85439090","品目8543所列其他设备及装置的零件","121","中国澳门","4661","千克","0","?","1,379,052",
"202601","85439090","品目8543所列其他设备及装置的零件","122","马来西亚","191267","千克","0","?","13,956,073",
"202601","85439090","品目8543所列其他设备及装置的零件","123","马尔代夫","9","千克","0","?","405",
"202601","85439090","品目8543所列其他设备及装置的零件","124","蒙古","8","千克","0","?","1,101",
"202601","85439090","品目8543所列其他设备及装置的零件","125","尼泊尔","22467","千克","0","?","139,839",
"202601","85439090","品目8543所列其他设备及装置的零件","126","阿曼","4623","千克","0","?","64,562",
"202601","85439090","品目8543所列其他设备及装置的零件","127","巴基斯坦","79914","千克","0","?","817,445",
"202601","85439090","品目8543所列其他设备及装置的零件","129","菲律宾","61614","千克","0","?","1,574,146",
"202601","85439090","品目8543所列其他设备及装置的零件","130","卡塔尔","98123","千克","0","?","122,712",
"202601","85439090","品目8543所列其他设备及装置的零件","131","沙特阿拉伯","186940","千克","0","?","1,724,151",
"202601","85439090","品目8543所列其他设备及装置的零件","132","新加坡","25663","千克","0","?","1,251,746",
"202601","85439090","品目8543所列其他设备及装置的零件","133","韩国","105622","千克","0","?","5,618,953",
"202601","85439090","品目8543所列其他设备及装置的零件","134","斯里兰卡","6334","千克","0","?","111,132",
"202601","85439090","品目8543所列其他设备及装置的零件","136","泰国","144799","千克","0","?","2,611,019",
"202601","85439090","品目8543所列其他设备及装置的零件","137","土耳其","303354","千克","0","?","2,343,510",
"202601","85439090","品目8543所列其他设备及装置的零件","138","阿联酋","29088","千克","0","?","2,380,639",
"202601","85439090","品目8543所列其他设备及装置的零件","139","也门","1189","千克","0","?","79,311",
"202601","85439090","品目8543所列其他设备及装置的零件","141","越南","4025287","千克","0","?","40,532,515",
"202601","85439090","品目8543所列其他设备及装置的零件","143","中国台湾","148702","千克","0","?","3,397,299",
"202601","85439090","品目8543所列其他设备及装置的零件","145","哈萨克斯坦","11795","千克","0","?","871,169",
"202601","85439090","品目8543所列其他设备及装置的零件","146","吉尔吉斯斯坦","7208","千克","0","?","18,750",
"202601","85439090","品目8543所列其他设备及装置的零件","147","塔吉克斯坦","453","千克","0","?","39,622",
"202601","85439090","品目8543所列其他设备及装置的零件","149","乌兹别克斯坦","56","千克","0","?","6,644",
"202601","85439090","品目8543所列其他设备及装置的零件","150","格鲁吉亚","60","千克","0","?","15,159",
"202601","85439090","品目8543所列其他设备及装置的零件","151","亚美尼亚","12","千克","0","?","610",
"202601","85439090","品目8543所列其他设备及装置的零件","152","阿塞拜疆","963","千克","0","?","96,189",
"202601","85439090","品目8543所列其他设备及装置的零件","201","阿尔及利亚","1950","千克","0","?","68,904",
"202601","85439090","品目8543所列其他设备及装置的零件","202","安哥拉","2980","千克","0","?","3,557",
"202601","85439090","品目8543所列其他设备及装置的零件","204","博茨瓦纳","2","千克","0","?","1,439",
"202601","85439090","品目8543所列其他设备及装置的零件","215","埃及","36879","千克","0","?","331,546",
"202601","85439090","品目8543所列其他设备及装置的零件","217","埃塞俄比亚","188","千克","0","?","11,233",
"202601","85439090","品目8543所列其他设备及装置的零件","218","加蓬","106","千克","0","?","300",
"202601","85439090","品目8543所列其他设备及装置的零件","220","加纳","2958","千克","0","?","22,232",
"202601","85439090","品目8543所列其他设备及装置的零件","221","几内亚","14","千克","0","?","40",
"202601","85439090","品目8543所列其他设备及装置的零件","222","几内亚比绍","0","千克","0","?","421",
"202601","85439090","品目8543所列其他设备及装置的零件","223","科特迪瓦","6","千克","0","?","236",
"202601","85439090","品目8543所列其他设备及装置的零件","224","肯尼亚","1976","千克","0","?","19,654",
"202601","85439090","品目8543所列其他设备及装置的零件","225","利比里亚","855","千克","0","?","64,802",
"202601","85439090","品目8543所列其他设备及装置的零件","226","利比亚","3418","千克","0","?","24,000",
"202601","85439090","品目8543所列其他设备及装置的零件","227","马达加斯加","3","千克","0","?","654",
"202601","85439090","品目8543所列其他设备及装置的零件","228","马拉维","39","千克","0","?","1,309",
"202601","85439090","品目8543所列其他设备及装置的零件","231","毛里求斯","1","千克","0","?","49",
"202601","85439090","品目8543所列其他设备及装置的零件","232","摩洛哥","1868","千克","0","?","97,731",
"202601","85439090","品目8543所列其他设备及装置的零件","234","纳米比亚","42","千克","0","?","6,399",
"202601","85439090","品目8543所列其他设备及装置的零件","235","尼日尔","779","千克","0","?","41,244",
"202601","85439090","品目8543所列其他设备及装置的零件","236","尼日利亚","4833","千克","0","?","44,899",
"202601","85439090","品目8543所列其他设备及装置的零件","240","塞内加尔","2509","千克","0","?","19,595",
"202601","85439090","品目8543所列其他设备及装置的零件","243","索马里","0","千克","0","?","797",
"202601","85439090","品目8543所列其他设备及装置的零件","244","南非","26760","千克","0","?","671,116",
"202601","85439090","品目8543所列其他设备及装置的零件","246","苏丹","300","千克","0","?","15,419",
"202601","85439090","品目8543所列其他设备及装置的零件","247","坦桑尼亚","1057","千克","0","?","85,570",
"202601","85439090","品目8543所列其他设备及装置的零件","248","多哥","6","千克","0","?","587",
"202601","85439090","品目8543所列其他设备及装置的零件","249","突尼斯","25597","千克","0","?","398,406",
"202601","85439090","品目8543所列其他设备及装置的零件","250","乌干达","291","千克","0","?","24,061",
"202601","85439090","品目8543所列其他设备及装置的零件","252","刚果民主共和国","425186","千克","0","?","2,288,177",
"202601","85439090","品目8543所列其他设备及装置的零件","253","赞比亚","37","千克","0","?","2,665",
"202601","85439090","品目8543所列其他设备及装置的零件","260","南苏丹","311","千克","0","?","11,141",
"202601","85439090","品目8543所列其他设备及装置的零件","301","比利时","2992","千克","0","?","130,681",
"202601","85439090","品目8543所列其他设备及装置的零件","302","丹麦","3374","千克","0","?","329,465",
"202601","85439090","品目8543所列其他设备及装置的零件","303","英国","137723","千克","0","?","15,405,526",
"202601","85439090","品目8543所列其他设备及装置的零件","304","德国","78697","千克","0","?","5,815,294",
"202601","85439090","品目8543所列其他设备及装置的零件","305","法国","132243","千克","0","?","13,853,747",
"202601","85439090","品目8543所列其他设备及装置的零件","306","爱尔兰","4077","千克","0","?","364,481",
"202601","85439090","品目8543所列其他设备及装置的零件","307","意大利","110766","千克","0","?","5,297,369",
"202601","85439090","品目8543所列其他设备及装置的零件","308","卢森堡","87","千克","0","?","3,007",
"202601","85439090","品目8543所列其他设备及装置的零件","309","荷兰","36585","千克","0","?","1,994,482",
"202601","85439090","品目8543所列其他设备及装置的零件","310","希腊","18115","千克","0","?","1,345,761",
"202601","85439090","品目8543所列其他设备及装置的零件","311","葡萄牙","574","千克","0","?","30,518",
"202601","85439090","品目8543所列其他设备及装置的零件","312","西班牙","66169","千克","0","?","3,305,537",
"202601","85439090","品目8543所列其他设备及装置的零件","313","阿尔巴尼亚","13","千克","0","?","1,673",
"202601","85439090","品目8543所列其他设备及装置的零件","314","安道尔","439","千克","0","?","76,705",
"202601","85439090","品目8543所列其他设备及装置的零件","315","奥地利","1541","千克","0","?","116,431",
"202601","85439090","品目8543所列其他设备及装置的零件","316","保加利亚","3555","千克","0","?","350,937",
"202601","85439090","品目8543所列其他设备及装置的零件","318","芬兰","984","千克","0","?","110,581",
"202601","85439090","品目8543所列其他设备及装置的零件","321","匈牙利","15330","千克","0","?","521,840",
"202601","85439090","品目8543所列其他设备及装置的零件","322","冰岛","196","千克","0","?","32,441",
"202601","85439090","品目8543所列其他设备及装置的零件","324","马耳他","732","千克","0","?","112,258",
"202601","85439090","品目8543所列其他设备及装置的零件","325","摩纳哥","25","千克","0","?","1,240",
"202601","85439090","品目8543所列其他设备及装置的零件","326","挪威","472378","千克","0","?","905,470",
"202601","85439090","品目8543所列其他设备及装置的零件","327","波兰","31779","千克","0","?","3,190,416",
"202601","85439090","品目8543所列其他设备及装置的零件","328","罗马尼亚","2238","千克","0","?","199,737",
"202601","85439090","品目8543所列其他设备及装置的零件","329","圣马力诺","453","千克","0","?","43,412",
"202601","85439090","品目8543所列其他设备及装置的零件","330","瑞典","14533","千克","0","?","544,834",
"202601","85439090","品目8543所列其他设备及装置的零件","331","瑞士","1940","千克","0","?","261,782",
"202601","85439090","品目8543所列其他设备及装置的零件","334","爱沙尼亚","245","千克","0","?","20,130",
"202601","85439090","品目8543所列其他设备及装置的零件","335","拉脱维亚","360","千克","0","?","26,229",
"202601","85439090","品目8543所列其他设备及装置的零件","336","立陶宛","2492","千克","0","?","358,040",
"202601","85439090","品目8543所列其他设备及装置的零件","340","白俄罗斯","12842","千克","0","?","506,760",
"202601","85439090","品目8543所列其他设备及装置的零件","343","摩尔多瓦","2908","千克","0","?","160,762",
"202601","85439090","品目8543所列其他设备及装置的零件","344","俄罗斯","159028","千克","0","?","9,268,258",
"202601","85439090","品目8543所列其他设备及装置的零件","347","乌克兰","11405","千克","0","?","1,379,595",
"202601","85439090","品目8543所列其他设备及装置的零件","350","斯洛文尼亚","11789","千克","0","?","1,611,588",
"202601","85439090","品目8543所列其他设备及装置的零件","351","克罗地亚","5795","千克","0","?","1,049,643",
"202601","85439090","品目8543所列其他设备及装置的零件","352","捷克","41964","千克","0","?","934,884",
"202601","85439090","品目8543所列其他设备及装置的零件","353","斯洛伐克","409","千克","0","?","40,850",
"202601","85439090","品目8543所列其他设备及装置的零件","355","波斯尼亚和黑塞哥维那","328","千克","0","?","47,145",
"202601","85439090","品目8543所列其他设备及装置的零件","358","塞尔维亚","1855","千克","0","?","134,722",
"202601","85439090","品目8543所列其他设备及装置的零件","359","黑山","5","千克","0","?","480",
"202601","85439090","品目8543所列其他设备及装置的零件","402","阿根廷","145008","千克","0","?","339,638",
"202601","85439090","品目8543所列其他设备及装置的零件","404","巴哈马","29","千克","0","?","4,893",
"202601","85439090","品目8543所列其他设备及装置的零件","408","玻利维亚
","3","千克","0","?","995",
"202601","85439090","品目8543所列其他设备及装置的零件","410","巴西","39163","千克","0","?","807,852",
"202601","85439090","品目8543所列其他设备及装置的零件","412","智利","27571","千克","0","?","163,267",
"202601","85439090","品目8543所列其他设备及装置的零件","413","哥伦比亚","2774","千克","0","?","66,049",
"202601","85439090","品目8543所列其他设备及装置的零件","415","哥斯达黎加","38","千克","0","?","5,038",
"202601","85439090","品目8543所列其他设备及装置的零件","418","多米尼加
","3836","千克","0","?","368,404",
"202601","85439090","品目8543所列其他设备及装置的零件","419","厄瓜多尔","4804","千克","0","?","83,240",
"202601","85439090","品目8543所列其他设备及装置的零件","420","法属圭亚那","1","千克","0","?","1",
"202601","85439090","品目8543所列其他设备及装置的零件","423","危地马拉","26","千克","0","?","1,616",
"202601","85439090","品目8543所列其他设备及装置的零件","429","墨西哥","40957","千克","0","?","1,342,970",
"202601","85439090","品目8543所列其他设备及装置的零件","432","巴拿马","678","千克","0","?","69,277",
"202601","85439090","品目8543所列其他设备及装置的零件","433","巴拉圭","711","千克","0","?","110,573",
"202601","85439090","品目8543所列其他设备及装置的零件","434","秘鲁","39218","千克","0","?","173,590",
"202601","85439090","品目8543所列其他设备及装置的零件","435","波多黎各","0","千克","0","?","30",
"202601","85439090","品目8543所列其他设备及装置的零件","440","萨尔瓦多","17","千克","0","?","1,523",
"202601","85439090","品目8543所列其他设备及装置的零件","442","特立尼达和多巴哥","3","千克","0","?","4,600",
"202601","85439090","品目8543所列其他设备及装置的零件","444","乌拉圭","1212","千克","0","?","8,031",
"202601","85439090","品目8543所列其他设备及装置的零件","445","委内瑞拉","10","千克","0","?","1,674",
"202601","85439090","品目8543所列其他设备及装置的零件","447","圣基茨和尼维斯
","15","千克","0","?","595",
"202601","85439090","品目8543所列其他设备及装置的零件","501","加拿大","834017","千克","0","?","12,386,858",
"202601","85439090","品目8543所列其他设备及装置的零件","502","美国","976396","千克","0","?","48,058,420",
"202601","85439090","品目8543所列其他设备及装置的零件","601","澳大利亚","76045","千克","0","?","1,072,223",
"202601","85439090","品目8543所列其他设备及装置的零件","607","新喀里多尼亚","2","千克","0","?","3,600",
"202601","85439090","品目8543所列其他设备及装置的零件","609","新西兰","18222","千克","0","?","710,142",
"202601","85439090","品目8543所列其他设备及装置的零件","621","马绍尔群岛","407","千克","0","?","25,015",
"202601","85439090","品目8543所列其他设备及装置的零件","622","帕劳","20","千克","0","?","6,649",
"202601","85439090","品目8543所列其他设备及装置的零件","629","关岛
","1","千克","0","?","108",
"202602","24041200","其他含尼古丁的非经燃烧吸用的产品","102","巴林","8558","千克","0","?","264,724",
"202602","24041200","其他含尼古丁的非经燃烧吸用的产品","106","缅甸","3611","千克","0","?","172,948",
"202602","24041200","其他含尼古丁的非经燃烧吸用的产品","108","塞浦路斯","1180","千克","0","?","75,693",
"202602","24041200","其他含尼古丁的非经燃烧吸用的产品","110","中国香港","170","千克","0","?","3,927",
"202602","24041200","其他含尼古丁的非经燃烧吸用的产品","112","印度尼西亚","339422","千克","0","?","11,148,996",
"202602","24041200","其他含尼古丁的非经燃烧吸用的产品","114","伊拉克","4800","千克","0","?","128,802",
"202602","24041200","其他含尼古丁的非经燃烧吸用的产品","115","以色列","23739","千克","0","?","878,434",
"202602","24041200","其他含尼古丁的非经燃烧吸用的产品","116","日本","2107","千克","0","?","71,752",
"202602","24041200","其他含尼古丁的非经燃烧吸用的产品","117","约旦","1220","千克","0","?","44,986",
"202602","24041200","其他含尼古丁的非经燃烧吸用的产品","118","科威特","88333","千克","0","?","4,122,396",
"202602","24041200","其他含尼古丁的非经燃烧吸用的产品","120","黎巴嫩","1584","千克","0","?","43,376",
"202602","24041200","其他含尼古丁的非经燃烧吸用的产品","122","马来西亚","414933","千克","0","?","15,574,272",
"202602","24041200","其他含尼古丁的非经燃烧吸用的产品","124","蒙古","37203","千克","0","?","1,328,755",
"202602","24041200","其他含尼古丁的非经燃烧吸用的产品","125","尼泊尔","30273","千克","0","?","1,268,446",
"202602","24041200","其他含尼古丁的非经燃烧吸用的产品","126","阿曼","243","千克","0","?","9,310",
"202602","24041200","其他含尼古丁的非经燃烧吸用的产品","127","巴基斯坦","38556","千克","0","?","1,336,976",
"202602","24041200","其他含尼古丁的非经燃烧吸用的产品","129","菲律宾","117125","千克","0","?","4,195,983",
"202602","24041200","其他含尼古丁的非经燃烧吸用的产品","131","沙特阿拉伯","139135","千克","0","?","4,943,682",
"202602","24041200","其他含尼古丁的非经燃烧吸用的产品","133","韩国","691761","千克","0","?","23,386,867",
"202602","24041200","其他含尼古丁的非经燃烧吸用的产品","138","阿联酋","1063661","千克","0","?","33,191,508",
"202602","24041200","其他含尼古丁的非经燃烧吸用的产品","139","也门","1441","千克","0","?","45,366",
"202602","24041200","其他含尼古丁的非经燃烧吸用的产品","145","哈萨克斯坦","60","千克","0","?","1,626",
"202602","24041200","其他含尼古丁的非经燃烧吸用的产品","147","塔吉克斯坦","3754","千克","0","?","143,998",
"202602","24041200","其他含尼古丁的非经燃烧吸用的产品","150","格鲁吉亚","51067","千克","0","?","1,728,148",
"202602","24041200","其他含尼古丁的非经燃烧吸用的产品","151","亚美尼亚","38364","千克","0","?","1,109,567",
"202602","24041200","其他含尼古丁的非经燃烧吸用的产品","152","阿塞拜疆","212257","千克","0","?","6,171,385",
"202602","24041200","其他含尼古丁的非经燃烧吸用的产品","202","安哥拉","800","千克","0","?","33,876",
"202602","24041200","其他含尼古丁的非经燃烧吸用的产品","211","乍得","1566","千克","0","?","62,964",
"202602","24041200","其他含尼古丁的非经燃烧吸用的产品","214","吉布提","17","千克","0","?","200",
"202602","24041200","其他含尼古丁的非经燃烧吸用的产品","215","埃及","26262","千克","0","?","727,281",
"202602","24041200","其他含尼古丁的非经燃烧吸用的产品","220","加纳","101","千克","0","?","4,560",
"202602","24041200","其他含尼古丁的非经燃烧吸用的产品","223","科特迪瓦","662","千克","0","?","23,784",
"202602","24041200","其他含尼古丁的非经燃烧吸用的产品","224","肯尼亚","2842","千克","0","?","112,938",
"202602","24041200","其他含尼古丁的非经燃烧吸用的产品","226","利比亚","33163","千克","0","?","1,081,087",
"202602","24041200","其他含尼古丁的非经燃烧吸用的产品","230","毛里塔尼亚","547","千克","0","?","17,707",
"202602","24041200","其他含尼古丁的非经燃烧吸用的产品","232","摩洛哥","295890","千克","0","?","7,787,998",
"202602","24041200","其他含尼古丁的非经燃烧吸用的产品","236","尼日利亚","8101","千克","0","?","256,734",
"202602","24041200","其他含尼古丁的非经燃烧吸用的产品","237","留尼汪","1041","千克","0","?","41,506",
"202602","24041200","其他含尼古丁的非经燃烧吸用的产品","240","塞内加尔","369","千克","0","?","16,900",
"202602","24041200","其他含尼古丁的非经燃烧吸用的产品","244","南非","219912","千克","0","?","8,725,096",
"202602","24041200","其他含尼古丁的非经燃烧吸用的产品","248","多哥","1239","千克","0","?","17,671",
"202602","24041200","其他含尼古丁的非经燃烧吸用的产品","249","突尼斯","1119","千克","0","?","75,705",
"202602","24041200","其他含尼古丁的非经燃烧吸用的产品","253","赞比亚","5367","千克","0","?","201,415",
"202602","24041200","其他含尼古丁的非经燃烧吸用的产品","254","津巴布韦","50804","千克","0","?","1,473,486",
"202602","24041200","其他含尼古丁的非经燃烧吸用的产品","301","比利时","38721","千克","0","?","2,505,227",
"202602","24041200","其他含尼古丁的非经燃烧吸用的产品","302","丹麦","6471","千克","0","?","406,510",
"202602","24041200","其他含尼古丁的非经燃烧吸用的产品","303","英国","1023131","千克","0","?","31,973,047",
"202602","24041200","其他含尼古丁的非经燃烧吸用的产品","304","德国","582413","千克","0","?","24,917,233",
"202602","24041200","其他含尼古丁的非经燃烧吸用的产品","305","法国","196818","千克","0","?","6,136,425",
"202602","24041200","其他含尼古丁的非经燃烧吸用的产品","306","爱尔兰","26097","千克","0","?","945,023",
"202602","24041200","其他含尼古丁的非经燃烧吸用的产品","307","意大利","109927","千克","0","?","4,104,906",
"202602","24041200","其他含尼古丁的非经燃烧吸用的产品","308","卢森堡","419","千克","0","?","7,798",
"202602","24041200","其他含尼古丁的非经燃烧吸用的产品","309","荷兰","286693","千克","0","?","9,578,308",
"202602","24041200","其他含尼古丁的非经燃烧吸用的产品","310","希腊","23279","千克","0","?","1,559,237",
"202602","24041200","其他含尼古丁的非经燃烧吸用的产品","311","葡萄牙","15964","千克","0","?","397,817",
"202602","24041200","其他含尼古丁的非经燃烧吸用的产品","312","西班牙","102134","千克","0","?","3,295,327",
"202602","24041200","其他含尼古丁的非经燃烧吸用的产品","313","阿尔巴尼亚","3443","千克","0","?","116,817",
"202602","24041200","其他含尼古丁的非经燃烧吸用的产品","315","奥地利","38333","千克","0","?","1,469,650",
"202602","24041200","其他含尼古丁的非经燃烧吸用的产品","316","保加利亚","21152","千克","0","?","799,136",
"202602","24041200","其他含尼古丁的非经燃烧吸用的产品","318","芬兰","2428","千克","0","?","62,144",
"202602","24041200","其他含尼古丁的非经燃烧吸用的产品","321","匈牙利","1244","千克","0","?","22,845",
"202602","24041200","其他含尼古丁的非经燃烧吸用的产品","322","冰岛","9617","千克","0","?","371,353",
"202602","24041200","其他含尼古丁的非经燃烧吸用的产品","324","马耳他","8523","千克","0","?","232,486",
"202602","24041200","其他含尼古丁的非经燃烧吸用的产品","327","波兰","130758","千克","0","?","4,740,071",
"202602","24041200","其他含尼古丁的非经燃烧吸用的产品","328","罗马尼亚","30358","千克","0","?","1,949,333",
"202602","24041200","其他含尼古丁的非经燃烧吸用的产品","329","圣马力诺","747","千克","0","?","26,330",
"202602","24041200","其他含尼古丁的非经燃烧吸用的产品","330","瑞典","82441","千克","0","?","2,822,847",
"202602","24041200","其他含尼古丁的非经燃烧吸用的产品","331","瑞士","32521","千克","0","?","1,272,711",
"202602","24041200","其他含尼古丁的非经燃烧吸用的产品","334","爱沙尼亚","19508","千克","0","?","947,200",
"202602","24041200","其他含尼古丁的非经燃烧吸用的产品","335","拉脱维亚","22401","千克","0","?","1,248,058",
"202602","24041200","其他含尼古丁的非经燃烧吸用的产品","336","立陶宛","1042","千克","0","?","47,042",
"202602","24041200","其他含尼古丁的非经燃烧吸用的产品","340","白俄罗斯","7221","千克","0","?","406,361",
"202602","24041200","其他含尼古丁的非经燃烧吸用的产品","343","摩尔多瓦","97088","千克","0","?","2,698,338",
"202602","24041200","其他含尼古丁的非经燃烧吸用的产品","344","俄罗斯","584541","千克","0","?","22,644,855",
"202602","24041200","其他含尼古丁的非经燃烧吸用的产品","347","乌克兰","118","千克","0","?","4,943",
"202602","24041200","其他含尼古丁的非经燃烧吸用的产品","350","斯洛文尼亚","829","千克","0","?","54,352",
"202602","24041200","其他含尼古丁的非经燃烧吸用的产品","351","克罗地亚","119753","千克","0","?","6,119,616",
"202602","24041200","其他含尼古丁的非经燃烧吸用的产品","352","捷克","48991","千克","0","?","1,888,395",
"202602","24041200","其他含尼古丁的非经燃烧吸用的产品","353","斯洛伐克","6957","千克","0","?","255,078",
"202602","24041200","其他含尼古丁的非经燃烧吸用的产品","355","波斯尼亚和黑塞哥维那","784","千克","0","?","39,864",
"202602","24041200","其他含尼古丁的非经燃烧吸用的产品","358","塞尔维亚","23716","千克","0","?","956,236",
"202602","24041200","其他含尼古丁的非经燃烧吸用的产品","404","巴哈马","124","千克","0","?","9,936",
"202602","24041200","其他含尼古丁的非经燃烧吸用的产品","408","玻利维亚
","2047","千克","0","?","57,985",
"202602","24041200","其他含尼古丁的非经燃烧吸用的产品","412","智利","20414","千克","0","?","909,409",
"202602","24041200","其他含尼古丁的非经燃烧吸用的产品","413","哥伦比亚","156188","千克","0","?","6,063,012",
"202602","24041200","其他含尼古丁的非经燃烧吸用的产品","415","哥斯达黎加","10410","千克","0","?","413,212",
"202602","24041200","其他含尼古丁的非经燃烧吸用的产品","418","多米尼加
","30484","千克","0","?","924,759",
"202602","24041200","其他含尼古丁的非经燃烧吸用的产品","419","厄瓜多尔","3421","千克","0","?","123,147",
"202602","24041200","其他含尼古丁的非经燃烧吸用的产品","423","危地马拉","9253","千克","0","?","330,374",
"202602","24041200","其他含尼古丁的非经燃烧吸用的产品","424","圭亚那","1203","千克","0","?","38,911",
"202602","24041200","其他含尼古丁的非经燃烧吸用的产品","426","洪都拉斯","244","千克","0","?","10,437",
"202602","24041200","其他含尼古丁的非经燃烧吸用的产品","427","牙买加","660","千克","0","?","8,375",
"202602","24041200","其他含尼古丁的非经燃烧吸用的产品","432","巴拿马","22559","千克","0","?","722,857",
"202602","24041200","其他含尼古丁的非经燃烧吸用的产品","433","巴拉圭","150573","千克","0","?","5,005,691",
"202602","24041200","其他含尼古丁的非经燃烧吸用的产品","434","秘鲁","25797","千克","0","?","846,170",
"202602","24041200","其他含尼古丁的非经燃烧吸用的产品","440","萨尔瓦多","1859","千克","0","?","74,196",
"202602","24041200","其他含尼古丁的非经燃烧吸用的产品","501","加拿大","421073","千克","0","?","15,908,247",
"202602","24041200","其他含尼古丁的非经燃烧吸用的产品","502","美国","4812017","千克","0","?","194,238,025",
"202602","24041200","其他含尼古丁的非经燃烧吸用的产品","601","澳大利亚","3767","千克","0","?","294,857",
"202602","24041200","其他含尼古丁的非经燃烧吸用的产品","607","新喀里多尼亚","4830","千克","0","?","382,055",
"202602","24041200","其他含尼古丁的非经燃烧吸用的产品","609","新西兰","114091","千克","0","?","5,223,275",
"202602","24041200","其他含尼古丁的非经燃烧吸用的产品","619","图瓦卢","476","千克","0","?","18,300",
"202602","24041200","其他含尼古丁的非经燃烧吸用的产品","623","法属波利尼西亚","9235","千克","0","?","288,237",
"202602","24041200","其他含尼古丁的非经燃烧吸用的产品","629","关岛
","2550","千克","0","?","96,390",
"202602","24041990","其他含尼古丁代用品的非经燃烧吸用的产品","116","日本","45449","千克","0","?","1,841,861",
"202602","24041990","其他含尼古丁代用品的非经燃烧吸用的产品","117","约旦","42","千克","0","?","2,400",
"202602","24041990","其他含尼古丁代用品的非经燃烧吸用的产品","122","马来西亚","3130","千克","0","?","60,806",
"202602","24041990","其他含尼古丁代用品的非经燃烧吸用的产品","133","韩国","57346","千克","0","?","1,281,645",
"202602","24041990","其他含尼古丁代用品的非经燃烧吸用的产品","138","阿联酋","439","千克","0","?","10,449",
"202602","24041990","其他含尼古丁代用品的非经燃烧吸用的产品","150","格鲁吉亚","68","千克","0","?","2,583",
"202602","24041990","其他含尼古丁代用品的非经燃烧吸用的产品","215","埃及","42","千克","0","?","2,400",
"202602","24041990","其他含尼古丁代用品的非经燃烧吸用的产品","244","南非","1597","千克","0","?","60,440",
"202602","24041990","其他含尼古丁代用品的非经燃烧吸用的产品","249","突尼斯","73","千克","0","?","3,401",
"202602","24041990","其他含尼古丁代用品的非经燃烧吸用的产品","301","比利时","155","千克","0","?","6,870",
"202602","24041990","其他含尼古丁代用品的非经燃烧吸用的产品","303","英国","2815","千克","0","?","99,336",
"202602","24041990","其他含尼古丁代用品的非经燃烧吸用的产品","304","德国","4952","千克","0","?","179,513",
"202602","24041990","其他含尼古丁代用品的非经燃烧吸用的产品","305","法国","7177","千克","0","?","286,575",
"202602","24041990","其他含尼古丁代用品的非经燃烧吸用的产品","307","意大利","3295","千克","0","?","124,479",
"202602","24041990","其他含尼古丁代用品的非经燃烧吸用的产品","309","荷兰","5372","千克","0","?","139,646",
"202602","24041990","其他含尼古丁代用品的非经燃烧吸用的产品","311","葡萄牙","8","千克","0","?","1,296",
"202602","24041990","其他含尼古丁代用品的非经燃烧吸用的产品","312","西班牙","7492","千克","0","?","309,271",
"202602","24041990","其他含尼古丁代用品的非经燃烧吸用的产品","315","奥地利","2060","千克","0","?","68,065",
"202602","24041990","其他含尼古丁代用品的非经燃烧吸用的产品","316","保加利亚","388","千克","0","?","11,313",
"202602","24041990","其他含尼古丁代用品的非经燃烧吸用的产品","318","芬兰","52","千克","0","?","1,733",
"202602","24041990","其他含尼古丁代用品的非经燃烧吸用的产品","327","波兰","6028","千克","0","?","205,590",
"202602","24041990","其他含尼古丁代用品的非经燃烧吸用的产品","328","罗马尼亚","1365","千克","0","?","51,942",
"202602","24041990","其他含尼古丁代用品的非经燃烧吸用的产品","329","圣马力诺","2340","千克","0","?","81,000",
"202602","24041990","其他含尼古丁代用品的非经燃烧吸用的产品","330","瑞典","1177","千克","0","?","28,696",
"202602","24041990","其他含尼古丁代用品的非经燃烧吸用的产品","331","瑞士","0","千克","0","?","6",
"202602","24041990","其他含尼古丁代用品的非经燃烧吸用的产品","334","爱沙尼亚","141","千克","0","?","6,175",
"202602","24041990","其他含尼古丁代用品的非经燃烧吸用的产品","335","拉脱维亚","1220","千克","0","?","61,302",
"202602","24041990","其他含尼古丁代用品的非经燃烧吸用的产品","344","俄罗斯","758","千克","0","?","39,155",
"202602","24041990","其他含尼古丁代用品的非经燃烧吸用的产品","347","乌克兰","2313","千克","0","?","46,500",
"202602","24041990","其他含尼古丁代用品的非经燃烧吸用的产品","351","克罗地亚","4766","千克","0","?","293,648",
"202602","24041990","其他含尼古丁代用品的非经燃烧吸用的产品","352","捷克","110","千克","0","?","6,729",
"202602","24041990","其他含尼古丁代用品的非经燃烧吸用的产品","358","塞尔维亚","124","千克","0","?","5,079",
"202602","24041990","其他含尼古丁代用品的非经燃烧吸用的产品","415","哥斯达黎加","11","千克","0","?","441",
"202602","24041990","其他含尼古丁代用品的非经燃烧吸用的产品","419","厄瓜多尔","14382","千克","0","?","460,762",
"202602","24041990","其他含尼古丁代用品的非经燃烧吸用的产品","501","加拿大","3339","千克","0","?","147,613",
"202602","24041990","其他含尼古丁代用品的非经燃烧吸用的产品","502","美国","102646","千克","0","?","4,264,845",
"202602","24041990","其他含尼古丁代用品的非经燃烧吸用的产品","601","澳大利亚","87","千克","0","?","3,698",
"202602","24041990","其他含尼古丁代用品的非经燃烧吸用的产品","609","新西兰","18","千克","0","?","1,762",
"202602","85434000","电子烟及类似的个人电子雾化设备","102","巴林","14749","台","1522","千克","124,488",
"202602","85434000","电子烟及类似的个人电子雾化设备","108","塞浦路斯","11000","台","864","千克","35,500",
"202602","85434000","电子烟及类似的个人电子雾化设备","110","中国香港","56527","台","1945","千克","114,740",
"202602","85434000","电子烟及类似的个人电子雾化设备","111","印度","20000","台","2000","千克","3,600",
"202602","85434000","电子烟及类似的个人电子雾化设备","112","印度尼西亚","1465404","台","140849","千克","7,666,181",
"202602","85434000","电子烟及类似的个人电子雾化设备","114","伊拉克","15973","台","3011","千克","249,317",
"202602","85434000","电子烟及类似的个人电子雾化设备","115","以色列","871202","台","60608","千克","2,667,851",
"202602","85434000","电子烟及类似的个人电子雾化设备","116","日本","1059875","台","143314","千克","28,130,158",
"202602","85434000","电子烟及类似的个人电子雾化设备","117","约旦","15750","台","2812","千克","210,657",
"202602","85434000","电子烟及类似的个人电子雾化设备","118","科威特","16107","台","1573","千克","183,583",
"202602","85434000","电子烟及类似的个人电子雾化设备","120","黎巴嫩","9200","台","1989","千克","337,104",
"202602","85434000","电子烟及类似的个人电子雾化设备","122","马来西亚","559452","台","56649","千克","2,366,936",
"202602","85434000","电子烟及类似的个人电子雾化设备","124","蒙古","73000","台","5890","千克","242,654",
"202602","85434000","电子烟及类似的个人电子雾化设备","127","巴基斯坦","109550","台","7726","千克","484,833",
"202602","85434000","电子烟及类似的个人电子雾化设备","129","菲律宾","161148","台","6224","千克","185,239",
"202602","85434000","电子烟及类似的个人电子雾化设备","131","沙特阿拉伯","110934","台","14492","千克","1,261,574",
"202602","85434000","电子烟及类似的个人电子雾化设备","132","新加坡","4400","台","534","千克","32,709",
"202602","85434000","电子烟及类似的个人电子雾化设备","133","韩国","614964","台","71532","千克","6,776,529",
"202602","85434000","电子烟及类似的个人电子雾化设备","137","土耳其","22860","台","5905","千克","779,059",
"202602","85434000","电子烟及类似的个人电子雾化设备","138","阿联酋","285443","台","28326","千克","1,793,003",
"202602","85434000","电子烟及类似的个人电子雾化设备","145","哈萨克斯坦","25698","台","5431","千克","974,171",
"202602","85434000","电子烟及类似的个人电子雾化设备","146","吉尔吉斯斯坦","4470","台","1339","千克","206,074",
"202602","85434000","电子烟及类似的个人电子雾化设备","147","塔吉克斯坦","8000","台","400","千克","16,055",
"202602","85434000","电子烟及类似的个人电子雾化设备","150","格鲁吉亚","17980","台","1332","千克","209,008",
"202602","85434000","电子烟及类似的个人电子雾化设备","152","阿塞拜疆","11700","台","916","千克","69,612",
"202602","85434000","电子烟及类似的个人电子雾化设备","206","喀麦隆","1600","台","70","千克","2,893",
"202602","85434000","电子烟及类似的个人电子雾化设备","215","埃及","3076692","台","58556","千克","2,642,935",
"202602","85434000","电子烟及类似的个人电子雾化设备","223","科特迪瓦","1000","台","101","千克","7,304",
"202602","85434000","电子烟及类似的个人电子雾化设备","224","肯尼亚","10","台","2","千克","34",
"202602","85434000","电子烟及类似的个人电子雾化设备","226","利比亚","28250","台","2960","千克","84,420",
"202602","85434000","电子烟及类似的个人电子雾化设备","232","摩洛哥","14949","台","2083","千克","193,795",
"202602","85434000","电子烟及类似的个人电子雾化设备","236","尼日利亚","2000","台","202","千克","14,608",
"202602","85434000","电子烟及类似的个人电子雾化设备","237","留尼汪","9600","台","959","千克","25,994",
"202602","85434000","电子烟及类似的个人电子雾化设备","244","南非","260887","台","16622","千克","1,097,292",
"202602","85434000","电子烟及类似的个人电子雾化设备","249","突尼斯","2580","台","709","千克","100,337",
"202602","85434000","电子烟及类似的个人电子雾化设备","254","津巴布韦","500","台","34","千克","6,225",
"202602","85434000","电子烟及类似的个人电子雾化设备","301","比利时","57607","台","2904","千克","200,460",
"202602","85434000","电子烟及类似的个人电子雾化设备","302","丹麦","24343","台","2178","千克","172,881",
"202602","85434000","电子烟及类似的个人电子雾化设备","303","英国","15183185","台","988379","千克","37,776,275",
"202602","85434000","电子烟及类似的个人电子雾化设备","304","德国","2067677","台","199741","千克","30,992,602",
"202602","85434000","电子烟及类似的个人电子雾化设备","305","法国","995538","台","212355","千克","9,343,646",
"202602","85434000","电子烟及类似的个人电子雾化设备","306","爱尔兰","87090","台","2916","千克","195,062",
"202602","85434000","电子烟及类似的个人电子雾化设备","307","意大利","504936","台","33416","千克","2,478,958",
"202602","85434000","电子烟及类似的个人电子雾化设备","308","卢森堡","5400","台","116","千克","8,922",
"202602","85434000","电子烟及类似的个人电子雾化设备","309","荷兰","291059","台","13889","千克","1,352,169",
"202602","85434000","电子烟及类似的个人电子雾化设备","310","希腊","105500","台","7989","千克","1,529,461",
"202602","85434000","电子烟及类似的个人电子雾化设备","311","葡萄牙","1306","台","117","千克","8,904",
"202602","85434000","电子烟及类似的个人电子雾化设备","312","西班牙","106075","台","7251","千克","858,713",
"202602","85434000","电子烟及类似的个人电子雾化设备","314","安道尔","1433","台","147","千克","10,310",
"202602","85434000","电子烟及类似的个人电子雾化设备","315","奥地利","70889","台","4667","千克","284,396",
"202602","85434000","电子烟及类似的个人电子雾化设备","316","保加利亚","124621","台","9235","千克","434,809",
"202602","85434000","电子烟及类似的个人电子雾化设备","318","芬兰","1","台","0","千克","17",
"202602","85434000","电子烟及类似的个人电子雾化设备","321","匈牙利","2288","台","257","千克","14,701",
"202602","85434000","电子烟及类似的个人电子雾化设备","322","冰岛","8653","台","420","千克","26,763",
"202602","85434000","电子烟及类似的个人电子雾化设备","324","马耳他","1840","台","55","千克","221",
"202602","85434000","电子烟及类似的个人电子雾化设备","326","挪威","1451","台","191","千克","19,137",
"202602","85434000","电子烟及类似的个人电子雾化设备","327","波兰","404501","台","31827","千克","4,966,833",
"202602","85434000","电子烟及类似的个人电子雾化设备","328","罗马尼亚","111439","台","7267","千克","2,741,507",
"202602","85434000","电子烟及类似的个人电子雾化设备","329","圣马力诺","1200","台","79","千克","4,660",
"202602","85434000","电子烟及类似的个人电子雾化设备","330","瑞典","41262","台","2112","千克","103,754",
"202602","85434000","电子烟及类似的个人电子雾化设备","331","瑞士","357712","台","30240","千克","1,101,291",
"202602","85434000","电子烟及类似的个人电子雾化设备","334","爱沙尼亚","1500","台","74","千克","5,220",
"202602","85434000","电子烟及类似的个人电子雾化设备","335","拉脱维亚","25095","台","1547","千克","81,615",
"202602","85434000","电子烟及类似的个人电子雾化设备","336","立陶宛","52730","台","5822","千克","448,360",
"202602","85434000","电子烟及类似的个人电子雾化设备","340","白俄罗斯","15099","台","1221","千克","97,733",
"202602","85434000","电子烟及类似的个人电子雾化设备","343","摩尔多瓦","19300","台","2071","千克","154,419",
"202602","85434000","电子烟及类似的个人电子雾化设备","344","俄罗斯","648480","台","72906","千克","10,943,892",
"202602","85434000","电子烟及类似的个人电子雾化设备","347","乌克兰","134920","台","11338","千克","1,596,725",
"202602","85434000","电子烟及类似的个人电子雾化设备","350","斯洛文尼亚","47396","台","3724","千克","429,365",
"202602","85434000","电子烟及类似的个人电子雾化设备","351","克罗地亚","611494","台","22039","千克","3,021,132",
"202602","85434000","电子烟及类似的个人电子雾化设备","352","捷克","207028","台","11028","千克","869,617",
"202602","85434000","电子烟及类似的个人电子雾化设备","353","斯洛伐克","9000","台","346","千克","16,830",
"202602","85434000","电子烟及类似的个人电子雾化设备","355","波斯尼亚和黑塞哥维那","55150","台","4036","千克","162,217",
"202602","85434000","电子烟及类似的个人电子雾化设备","358","塞尔维亚","90307","台","7684","千克","943,550",
"202602","85434000","电子烟及类似的个人电子雾化设备","412","智利","11607","台","1291","千克","70,196",
"202602","85434000","电子烟及类似的个人电子雾化设备","413","哥伦比亚","40790","台","7936","千克","837,888",
"202602","85434000","电子烟及类似的个人电子雾化设备","415","哥斯达黎加","3000","台","443","千克","17,610",
"202602","85434000","电子烟及类似的个人电子雾化设备","418","多米尼加
","163400","台","7153","千克","337,485",
"202602","85434000","电子烟及类似的个人电子雾化设备","419","厄瓜多尔","43178","台","2594","千克","142,137",
"202602","85434000","电子烟及类似的个人电子雾化设备","423","危地马拉","4596","台","296","千克","21,103",
"202602","85434000","电子烟及类似的个人电子雾化设备","424","圭亚那","90","台","4","千克","239",
"202602","85434000","电子烟及类似的个人电子雾化设备","429","墨西哥","11160","台","2593","千克","245,796",
"202602","85434000","电子烟及类似的个人电子雾化设备","432","巴拿马","7200","台","580","千克","26,311",
"202602","85434000","电子烟及类似的个人电子雾化设备","433","巴拉圭","50719","台","3930","千克","274,633",
"202602","85434000","电子烟及类似的个人电子雾化设备","434","秘鲁","20164","台","1418","千克","54,057",
"202602","85434000","电子烟及类似的个人电子雾化设备","501","加拿大","1376986","台","54109","千克","3,477,922",
"202602","85434000","电子烟及类似的个人电子雾化设备","502","美国","32114783","台","1058988","千克","71,866,672",
"202602","85434000","电子烟及类似的个人电子雾化设备","601","澳大利亚","15556","台","1819","千克","169,752",
"202602","85434000","电子烟及类似的个人电子雾化设备","609","新西兰","541580","台","38085","千克","2,101,666",
"202602","85434000","电子烟及类似的个人电子雾化设备","623","法属波利尼西亚","54700","台","6089","千克","199,146",
"202602","85439090","品目8543所列其他设备及装置的零件","102","巴林","51848","千克","0","?","192,609",
"202602","85439090","品目8543所列其他设备及装置的零件","103","孟加拉国","22991","千克","0","?","85,365",
"202602","85439090","品目8543所列其他设备及装置的零件","105","文莱","0","千克","0","?","11",
"202602","85439090","品目8543所列其他设备及装置的零件","106","缅甸","369","千克","0","?","9,727",
"202602","85439090","品目8543所列其他设备及装置的零件","107","柬埔寨","3790","千克","0","?","31,472",
"202602","85439090","品目8543所列其他设备及装置的零件","108","塞浦路斯","6515","千克","0","?","153,080",
"202602","85439090","品目8543所列其他设备及装置的零件","110","中国香港","44355","千克","0","?","13,410,051",
"202602","85439090","品目8543所列其他设备及装置的零件","111","印度","322104","千克","0","?","12,522,860",
"202602","85439090","品目8543所列其他设备及装置的零件","112","印度尼西亚","1368729","千克","0","?","26,735,186",
"202602","85439090","品目8543所列其他设备及装置的零件","113","伊朗","1530","千克","0","?","125,163",
"202602","85439090","品目8543所列其他设备及装置的零件","114","伊拉克","2029","千克","0","?","21,662",
"202602","85439090","品目8543所列其他设备及装置的零件","115","以色列","22060","千克","0","?","1,160,731",
"202602","85439090","品目8543所列其他设备及装置的零件","116","日本","40477","千克","0","?","2,635,724",
"202602","85439090","品目8543所列其他设备及装置的零件","117","约旦","3322","千克","0","?","109,947",
"202602","85439090","品目8543所列其他设备及装置的零件","118","科威特","2051","千克","0","?","131,976",
"202602","85439090","品目8543所列其他设备及装置的零件","119","老挝","46","千克","0","?","660",
"202602","85439090","品目8543所列其他设备及装置的零件","120","黎巴嫩","358","千克","0","?","78,008",
"202602","85439090","品目8543所列其他设备及装置的零件","121","中国澳门","2068","千克","0","?","792,113",
"202602","85439090","品目8543所列其他设备及装置的零件","122","马来西亚","208930","千克","0","?","11,652,215",
"202602","85439090","品目8543所列其他设备及装置的零件","123","马尔代夫","70","千克","0","?","6,389",
"202602","85439090","品目8543所列其他设备及装置的零件","124","蒙古","242","千克","0","?","5,897",
"202602","85439090","品目8543所列其他设备及装置的零件","125","尼泊尔","2","千克","0","?","3,237",
"202602","85439090","品目8543所列其他设备及装置的零件","126","阿曼","293804","千克","0","?","1,009,216",
"202602","85439090","品目8543所列其他设备及装置的零件","127","巴基斯坦","147191","千克","0","?","842,671",
"202602","85439090","品目8543所列其他设备及装置的零件","128","巴勒斯坦","19","千克","0","?","185",
"202602","85439090","品目8543所列其他设备及装置的零件","129","菲律宾","28878","千克","0","?","826,036",
"202602","85439090","品目8543所列其他设备及装置的零件","130","卡塔尔","6","千克","0","?","1,592",
"202602","85439090","品目8543所列其他设备及装置的零件","131","沙特阿拉伯","137049","千克","0","?","2,717,310",
"202602","85439090","品目8543所列其他设备及装置的零件","132","新加坡","39923","千克","0","?","791,324",
"202602","85439090","品目8543所列其他设备及装置的零件","133","韩国","102545","千克","0","?","5,768,409",
"202602","85439090","品目8543所列其他设备及装置的零件","134","斯里兰卡","655","千克","0","?","13,004",
"202602","85439090","品目8543所列其他设备及装置的零件","135","叙利亚","296","千克","0","?","3,702",
"202602","85439090","品目8543所列其他设备及装置的零件","136","泰国","91177","千克","0","?","2,255,507",
"202602","85439090","品目8543所列其他设备及装置的零件","137","土耳其","11113","千克","0","?","215,239",
"202602","85439090","品目8543所列其他设备及装置的零件","138","阿联酋","26259","千克","0","?","1,455,074",
"202602","85439090","品目8543所列其他设备及装置的零件","141","越南","7151966","千克","0","?","32,149,710",
"202602","85439090","品目8543所列其他设备及装置的零件","143","中国台湾","59086","千克","0","?","2,539,432",
"202602","85439090","品目8543所列其他设备及装置的零件","145","哈萨克斯坦","53415","千克","0","?","324,229",
"202602","85439090","品目8543所列其他设备及装置的零件","146","吉尔吉斯斯坦","1208","千克","0","?","5,508",
"202602","85439090","品目8543所列其他设备及装置的零件","147","塔吉克斯坦","25","千克","0","?","263",
"202602","85439090","品目8543所列其他设备及装置的零件","149","乌兹别克斯坦","9060","千克","0","?","23,635",
"202602","85439090","品目8543所列其他设备及装置的零件","150","格鲁吉亚","353","千克","0","?","1,111,370",
"202602","85439090","品目8543所列其他设备及装置的零件","151","亚美尼亚","5","千克","0","?","580",
"202602","85439090","品目8543所列其他设备及装置的零件","152","阿塞拜疆","1484","千克","0","?","128,861",
"202602","85439090","品目8543所列其他设备及装置的零件","201","阿尔及利亚","19784","千克","0","?","140,185",
"202602","85439090","品目8543所列其他设备及装置的零件","203","贝宁","40","千克","0","?","20,045",
"202602","85439090","品目8543所列其他设备及装置的零件","206","喀麦隆","2541","千克","0","?","38,377",
"202602","85439090","品目8543所列其他设备及装置的零件","213","刚果共和国","105302","千克","0","?","457,163",
"202602","85439090","品目8543所列其他设备及装置的零件","214","吉布提","153","千克","0","?","329",
"202602","85439090","品目8543所列其他设备及装置的零件","215","埃及","4161","千克","0","?","223,580",
"202602","85439090","品目8543所列其他设备及装置的零件","217","埃塞俄比亚","4","千克","0","?","121",
"202602","85439090","品目8543所列其他设备及装置的零件","220","加纳","4","千克","0","?","2,779",
"202602","85439090","品目8543所列其他设备及装置的零件","223","科特迪瓦","10","千克","0","?","95",
"202602","85439090","品目8543所列其他设备及装置的零件","224","肯尼亚","5742","千克","0","?","18,827",
"202602","85439090","品目8543所列其他设备及装置的零件","225","利比里亚","1367","千克","0","?","143,219",
"202602","85439090","品目8543所列其他设备及装置的零件","226","利比亚","149","千克","0","?","19,029",
"202602","85439090","品目8543所列其他设备及装置的零件","231","毛里求斯","11","千克","0","?","555",
"202602","85439090","品目8543所列其他设备及装置的零件","232","摩洛哥","1631","千克","0","?","146,699",
"202602","85439090","品目8543所列其他设备及装置的零件","233","莫桑比克","70","千克","0","?","143",
"202602","85439090","品目8543所列其他设备及装置的零件","236","尼日利亚","5260","千克","0","?","29,803",
"202602","85439090","品目8543所列其他设备及装置的零件","237","留尼汪","54","千克","0","?","3,845",
"202602","85439090","品目8543所列其他设备及装置的零件","240","塞内加尔","1","千克","0","?","462",
"202602","85439090","品目8543所列其他设备及装置的零件","244","南非","26178","千克","0","?","1,128,339",
"202602","85439090","品目8543所列其他设备及装置的零件","246","苏丹","1618","千克","0","?","8,146",
"202602","85439090","品目8543所列其他设备及装置的零件","247","坦桑尼亚","12702","千克","0","?","140,891",
"202602","85439090","品目8543所列其他设备及装置的零件","248","多哥","1485","千克","0","?","10,703",
"202602","85439090","品目8543所列其他设备及装置的零件","249","突尼斯","15550","千克","0","?","188,227",
"202602","85439090","品目8543所列其他设备及装置的零件","252","刚果民主共和国","842904","千克","0","?","5,619,415",
"202602","85439090","品目8543所列其他设备及装置的零件","254","津巴布韦","15","千克","0","?","1,652",
"202602","85439090","品目8543所列其他设备及装置的零件","301","比利时","3338","千克","0","?","182,207",
"202602","85439090","品目8543所列其他设备及装置的零件","302","丹麦","9123","千克","0","?","664,706",
"202602","85439090","品目8543所列其他设备及装置的零件","303","英国","91435","千克","0","?","9,332,971",
"202602","85439090","品目8543所列其他设备及装置的零件","304","德国","58127","千克","0","?","5,043,617",
"202602","85439090","品目8543所列其他设备及装置的零件","305","法国","83572","千克","0","?","8,141,062",
"202602","85439090","品目8543所列其他设备及装置的零件","306","爱尔兰","203","千克","0","?","32,022",
"202602","85439090","品目8543所列其他设备及装置的零件","307","意大利","92433","千克","0","?","4,013,042",
"202602","85439090","品目8543所列其他设备及装置的零件","309","荷兰","23575","千克","0","?","1,947,426",
"202602","85439090","品目8543所列其他设备及装置的零件","310","希腊","7106","千克","0","?","531,510",
"202602","85439090","品目8543所列其他设备及装置的零件","311","葡萄牙","2657","千克","0","?","180,845",
"202602","85439090","品目8543所列其他设备及装置的零件","312","西班牙","36617","千克","0","?","1,648,154",
"202602","85439090","品目8543所列其他设备及装置的零件","313","阿尔巴尼亚","330","千克","0","?","20,614",
"202602","85439090","品目8543所列其他设备及装置的零件","315","奥地利","4847","千克","0","?","412,896",
"202602","85439090","品目8543所列其他设备及装置的零件","316","保加利亚","2708","千克","0","?","271,409",
"202602","85439090","品目8543所列其他设备及装置的零件","318","芬兰","107","千克","0","?","130,845",
"202602","85439090","品目8543所列其他设备及装置的零件","321","匈牙利","62876","千克","0","?","1,447,684",
"202602","85439090","品目8543所列其他设备及装置的零件","322","冰岛","352","千克","0","?","63,192",
"202602","85439090","品目8543所列其他设备及装置的零件","324","马耳他","916","千克","0","?","32,929",
"202602","85439090","品目8543所列其他设备及装置的零件","326","挪威","222692","千克","0","?","541,456",
"202602","85439090","品目8543所列其他设备及装置的零件","327","波兰","23330","千克","0","?","2,280,566",
"202602","85439090","品目8543所列其他设备及装置的零件","328","罗马尼亚","1416","千克","0","?","153,735",
"202602","85439090","品目8543所列其他设备及装置的零件","329","圣马力诺","29","千克","0","?","3,491",
"202602","85439090","品目8543所列其他设备及装置的零件","330","瑞典","1087","千克","0","?","54,240",
"202602","85439090","品目8543所列其他设备及装置的零件","331","瑞士","2465","千克","0","?","615,324",
"202602","85439090","品目8543所列其他设备及装置的零件","334","爱沙尼亚","614","千克","0","?","38,194",
"202602","85439090","品目8543所列其他设备及装置的零件","335","拉脱维亚","350","千克","0","?","165,878",
"202602","85439090","品目8543所列其他设备及装置的零件","336","立陶宛","3569","千克","0","?","380,456",
"202602","85439090","品目8543所列其他设备及装置的零件","340","白俄罗斯","13991","千克","0","?","1,006,029",
"202602","85439090","品目8543所列其他设备及装置的零件","343","摩尔多瓦","722","千克","0","?","65,685",
"202602","85439090","品目8543所列其他设备及装置的零件","344","俄罗斯","82679","千克","0","?","11,061,738",
"202602","85439090","品目8543所列其他设备及装置的零件","347","乌克兰","5190","千克","0","?","724,571",
"202602","85439090","品目8543所列其他设备及装置的零件","350","斯洛文尼亚","15519","千克","0","?","1,756,176",
"202602","85439090","品目8543所列其他设备及装置的零件","351","克罗地亚","1247","千克","0","?","358,183",
"202602","85439090","品目8543所列其他设备及装置的零件","352","捷克","14753","千克","0","?","300,532",
"202602","85439090","品目8543所列其他设备及装置的零件","353","斯洛伐克","570","千克","0","?","23,520",
"202602","85439090","品目8543所列其他设备及装置的零件","354","北马其顿","26","千克","0","?","9,272",
"202602","85439090","品目8543所列其他设备及装置的零件","355","波斯尼亚和黑塞哥维那","26","千克","0","?","4,617",
"202602","85439090","品目8543所列其他设备及装置的零件","358","塞尔维亚","3147","千克","0","?","139,704",
"202602","85439090","品目8543所列其他设备及装置的零件","359","黑山","0","千克","0","?","379",
"202602","85439090","品目8543所列其他设备及装置的零件","402","阿根廷","2626","千克","0","?","367,527",
"202602","85439090","品目8543所列其他设备及装置的零件","404","巴哈马","45","千克","0","?","4,716",
"202602","85439090","品目8543所列其他设备及装置的零件","405","巴巴多斯","1","千克","0","?","300",
"202602","85439090","品目8543所列其他设备及装置的零件","408","玻利维亚
","7","千克","0","?","797",
"202602","85439090","品目8543所列其他设备及装置的零件","410","巴西","111701","千克","0","?","3,065,303",
"202602","85439090","品目8543所列其他设备及装置的零件","412","智利","7393","千克","0","?","206,329",
"202602","85439090","品目8543所列其他设备及装置的零件","413","哥伦比亚","270","千克","0","?","32,238",
"202602","85439090","品目8543所列其他设备及装置的零件","415","哥斯达黎加","54","千克","0","?","3,855",
"202602","85439090","品目8543所列其他设备及装置的零件","418","多米尼加
","2854","千克","0","?","337,239",
"202602","85439090","品目8543所列其他设备及装置的零件","419","厄瓜多尔","338","千克","0","?","20,460",
"202602","85439090","品目8543所列其他设备及装置的零件","423","危地马拉","7778","千克","0","?","46,933",
"202602","85439090","品目8543所列其他设备及装置的零件","424","圭亚那","4","千克","0","?","61",
"202602","85439090","品目8543所列其他设备及装置的零件","429","墨西哥","52409","千克","0","?","2,023,363",
"202602","85439090","品目8543所列其他设备及装置的零件","431","尼加拉瓜","3","千克","0","?","1,500",
"202602","85439090","品目8543所列其他设备及装置的零件","432","巴拿马","5276","千克","0","?","172,222",
"202602","85439090","品目8543所列其他设备及装置的零件","433","巴拉圭","1041","千克","0","?","107,010",
"202602","85439090","品目8543所列其他设备及装置的零件","434","秘鲁","19215","千克","0","?","131,920",
"202602","85439090","品目8543所列其他设备及装置的零件","435","波多黎各","28","千克","0","?","6,676",
"202602","85439090","品目8543所列其他设备及装置的零件","437","圣卢西亚","9","千克","0","?","874",
"202602","85439090","品目8543所列其他设备及装置的零件","440","萨尔瓦多","1","千克","0","?","300",
"202602","85439090","品目8543所列其他设备及装置的零件","442","特立尼达和多巴哥","1","千克","0","?","284",
"202602","85439090","品目8543所列其他设备及装置的零件","444","乌拉圭","161","千克","0","?","4,045",
"202602","85439090","品目8543所列其他设备及装置的零件","445","委内瑞拉","355","千克","0","?","14,698",
"202602","85439090","品目8543所列其他设备及装置的零件","454","荷属圣马丁
","10","千克","0","?","6,560",
"202602","85439090","品目8543所列其他设备及装置的零件","501","加拿大","423692","千克","0","?","8,220,735",
"202602","85439090","品目8543所列其他设备及装置的零件","502","美国","1026337","千克","0","?","41,103,613",
"202602","85439090","品目8543所列其他设备及装置的零件","601","澳大利亚","44852","千克","0","?","1,193,919",
"202602","85439090","品目8543所列其他设备及装置的零件","609","新西兰","12870","千克","0","?","675,846",
"202602","85439090","品目8543所列其他设备及装置的零件","621","马绍尔群岛","1097","千克","0","?","72,574",
"202602","85439090","品目8543所列其他设备及装置的零件","629","关岛
","16","千克","0","?","2,391",
"202603","24041200","其他含尼古丁的非经燃烧吸用的产品","102","巴林","910","千克","0","?","42,943",
"202603","24041200","其他含尼古丁的非经燃烧吸用的产品","106","缅甸","4295","千克","0","?","131,380",
"202603","24041200","其他含尼古丁的非经燃烧吸用的产品","108","塞浦路斯","8141","千克","0","?","382,650",
"202603","24041200","其他含尼古丁的非经燃烧吸用的产品","110","中国香港","3","千克","0","?","78",
"202603","24041200","其他含尼古丁的非经燃烧吸用的产品","112","印度尼西亚","337758","千克","0","?","13,331,946",
"202603","24041200","其他含尼古丁的非经燃烧吸用的产品","114","伊拉克","846","千克","0","?","15,021",
"202603","24041200","其他含尼古丁的非经燃烧吸用的产品","115","以色列","7711","千克","0","?","333,436",
"202603","24041200","其他含尼古丁的非经燃烧吸用的产品","116","日本","2437","千克","0","?","81,707",
"202603","24041200","其他含尼古丁的非经燃烧吸用的产品","117","约旦","133","千克","0","?","4,436",
"202603","24041200","其他含尼古丁的非经燃烧吸用的产品","118","科威特","171174","千克","0","?","8,704,796",
"202603","24041200","其他含尼古丁的非经燃烧吸用的产品","120","黎巴嫩","240","千克","0","?","10,020",
"202603","24041200","其他含尼古丁的非经燃烧吸用的产品","122","马来西亚","680950","千克","0","?","27,620,276",
"202603","24041200","其他含尼古丁的非经燃烧吸用的产品","124","蒙古","12820","千克","0","?","323,682",
"202603","24041200","其他含尼古丁的非经燃烧吸用的产品","125","尼泊尔","76518","千克","0","?","3,284,709",
"202603","24041200","其他含尼古丁的非经燃烧吸用的产品","127","巴基斯坦","38915","千克","0","?","1,451,810",
"202603","24041200","其他含尼古丁的非经燃烧吸用的产品","129","菲律宾","106383","千克","0","?","3,645,273",
"202603","24041200","其他含尼古丁的非经燃烧吸用的产品","130","卡塔尔","755","千克","0","?","26,216",
"202603","24041200","其他含尼古丁的非经燃烧吸用的产品","131","沙特阿拉伯","95728","千克","0","?","3,436,059",
"202603","24041200","其他含尼古丁的非经燃烧吸用的产品","133","韩国","1319539","千克","0","?","47,724,118",
"202603","24041200","其他含尼古丁的非经燃烧吸用的产品","137","土耳其","198","千克","0","?","10,508",
"202603","24041200","其他含尼古丁的非经燃烧吸用的产品","138","阿联酋","798677","千克","0","?","24,876,799",
"202603","24041200","其他含尼古丁的非经燃烧吸用的产品","141","越南","274","千克","0","?","40,867",
"202603","24041200","其他含尼古丁的非经燃烧吸用的产品","147","塔吉克斯坦","1126","千克","0","?","35,217",
"202603","24041200","其他含尼古丁的非经燃烧吸用的产品","150","格鲁吉亚","134032","千克","0","?","4,551,383",
"202603","24041200","其他含尼古丁的非经燃烧吸用的产品","151","亚美尼亚","89190","千克","0","?","3,024,020",
"202603","24041200","其他含尼古丁的非经燃烧吸用的产品","152","阿塞拜疆","79659","千克","0","?","2,994,230",
"202603","24041200","其他含尼古丁的非经燃烧吸用的产品","204","博茨瓦纳","2891","千克","0","?","97,245",
"202603","24041200","其他含尼古丁的非经燃烧吸用的产品","214","吉布提","1706","千克","0","?","82,356",
"202603","24041200","其他含尼古丁的非经燃烧吸用的产品","215","埃及","7637","千克","0","?","319,752",
"202603","24041200","其他含尼古丁的非经燃烧吸用的产品","221","几内亚","84","千克","0","?","3,800",
"202603","24041200","其他含尼古丁的非经燃烧吸用的产品","224","肯尼亚","2412","千克","0","?","109,605",
"202603","24041200","其他含尼古丁的非经燃烧吸用的产品","226","利比亚","35952","千克","0","?","1,187,149",
"202603","24041200","其他含尼古丁的非经燃烧吸用的产品","230","毛里塔尼亚","1637","千克","0","?","55,875",
"202603","24041200","其他含尼古丁的非经燃烧吸用的产品","232","摩洛哥","237471","千克","0","?","6,695,151",
"202603","24041200","其他含尼古丁的非经燃烧吸用的产品","236","尼日利亚","21948","千克","0","?","611,572",
"202603","24041200","其他含尼古丁的非经燃烧吸用的产品","241","塞舌尔","309","千克","0","?","12,759",
"202603","24041200","其他含尼古丁的非经燃烧吸用的产品","244","南非","320641","千克","0","?","13,952,240",
"202603","24041200","其他含尼古丁的非经燃烧吸用的产品","247","坦桑尼亚","241","千克","0","?","7,975",
"202603","24041200","其他含尼古丁的非经燃烧吸用的产品","249","突尼斯","390","千克","0","?","19,694",
"202603","24041200","其他含尼古丁的非经燃烧吸用的产品","251","布基纳法索","155","千克","0","?","481",
"202603","24041200","其他含尼古丁的非经燃烧吸用的产品","253","赞比亚","558","千克","0","?","16,000",
"202603","24041200","其他含尼古丁的非经燃烧吸用的产品","254","津巴布韦","6176","千克","0","?","175,667",
"202603","24041200","其他含尼古丁的非经燃烧吸用的产品","301","比利时","24857","千克","0","?","1,821,986",
"202603","24041200","其他含尼古丁的非经燃烧吸用的产品","302","丹麦","10851","千克","0","?","603,156",
"202603","24041200","其他含尼古丁的非经燃烧吸用的产品","303","英国","1753083","千克","0","?","54,176,702",
"202603","24041200","其他含尼古丁的非经燃烧吸用的产品","304","德国","822857","千克","0","?","37,742,562",
"202603","24041200","其他含尼古丁的非经燃烧吸用的产品","305","法国","146090","千克","0","?","4,897,705",
"202603","24041200","其他含尼古丁的非经燃烧吸用的产品","306","爱尔兰","8307","千克","0","?","334,208",
"202603","24041200","其他含尼古丁的非经燃烧吸用的产品","307","意大利","194195","千克","0","?","7,237,794",
"202603","24041200","其他含尼古丁的非经燃烧吸用的产品","308","卢森堡","2423","千克","0","?","57,170",
"202603","24041200","其他含尼古丁的非经燃烧吸用的产品","309","荷兰","445682","千克","0","?","14,623,183",
"202603","24041200","其他含尼古丁的非经燃烧吸用的产品","310","希腊","49977","千克","0","?","3,246,133",
"202603","24041200","其他含尼古丁的非经燃烧吸用的产品","311","葡萄牙","5655","千克","0","?","171,166",
"202603","24041200","其他含尼古丁的非经燃烧吸用的产品","312","西班牙","216036","千克","0","?","8,114,717",
"202603","24041200","其他含尼古丁的非经燃烧吸用的产品","313","阿尔巴尼亚","8332","千克","0","?","337,246",
"202603","24041200","其他含尼古丁的非经燃烧吸用的产品","314","安道尔","790","千克","0","?","24,608",
"202603","24041200","其他含尼古丁的非经燃烧吸用的产品","315","奥地利","226689","千克","0","?","8,372,941",
"202603","24041200","其他含尼古丁的非经燃烧吸用的产品","316","保加利亚","25752","千克","0","?","1,090,268",
"202603","24041200","其他含尼古丁的非经燃烧吸用的产品","318","芬兰","4647","千克","0","?","133,935",
"202603","24041200","其他含尼古丁的非经燃烧吸用的产品","321","匈牙利","4006","千克","0","?","62,241",
"202603","24041200","其他含尼古丁的非经燃烧吸用的产品","322","冰岛","1700","千克","0","?","51,892",
"202603","24041200","其他含尼古丁的非经燃烧吸用的产品","324","马耳他","3174","千克","0","?","121,843",
"202603","24041200","其他含尼古丁的非经燃烧吸用的产品","327","波兰","137717","千克","0","?","4,933,942",
"202603","24041200","其他含尼古丁的非经燃烧吸用的产品","328","罗马尼亚","40902","千克","0","?","2,870,610",
"202603","24041200","其他含尼古丁的非经燃烧吸用的产品","329","圣马力诺","2904","千克","0","?","107,625",
"202603","24041200","其他含尼古丁的非经燃烧吸用的产品","330","瑞典","134958","千克","0","?","4,933,132",
"202603","24041200","其他含尼古丁的非经燃烧吸用的产品","331","瑞士","38455","千克","0","?","1,912,917",
"202603","24041200","其他含尼古丁的非经燃烧吸用的产品","334","爱沙尼亚","12233","千克","0","?","546,143",
"202603","24041200","其他含尼古丁的非经燃烧吸用的产品","335","拉脱维亚","36018","千克","0","?","2,028,367",
"202603","24041200","其他含尼古丁的非经燃烧吸用的产品","336","立陶宛","8153","千克","0","?","217,134",
"202603","24041200","其他含尼古丁的非经燃烧吸用的产品","340","白俄罗斯","10294","千克","0","?","340,194",
"202603","24041200","其他含尼古丁的非经燃烧吸用的产品","343","摩尔多瓦","247581","千克","0","?","7,415,705",
"202603","24041200","其他含尼古丁的非经燃烧吸用的产品","344","俄罗斯","1007592","千克","0","?","42,650,568",
"202603","24041200","其他含尼古丁的非经燃烧吸用的产品","351","克罗地亚","284886","千克","0","?","17,403,192",
"202603","24041200","其他含尼古丁的非经燃烧吸用的产品","352","捷克","85932","千克","0","?","3,663,612",
"202603","24041200","其他含尼古丁的非经燃烧吸用的产品","353","斯洛伐克","21693","千克","0","?","870,512",
"202603","24041200","其他含尼古丁的非经燃烧吸用的产品","355","波斯尼亚和黑塞哥维那","2288","千克","0","?","86,374",
"202603","24041200","其他含尼古丁的非经燃烧吸用的产品","358","塞尔维亚","38870","千克","0","?","1,256,024",
"202603","24041200","其他含尼古丁的非经燃烧吸用的产品","404","巴哈马","141","千克","0","?","7,566",
"202603","24041200","其他含尼古丁的非经燃烧吸用的产品","406","伯利兹","56","千克","0","?","1,930",
"202603","24041200","其他含尼古丁的非经燃烧吸用的产品","408","玻利维亚
","1111","千克","0","?","37,201",
"202603","24041200","其他含尼古丁的非经燃烧吸用的产品","412","智利","35459","千克","0","?","1,627,482",
"202603","24041200","其他含尼古丁的非经燃烧吸用的产品","413","哥伦比亚","193225","千克","0","?","7,399,543",
"202603","24041200","其他含尼古丁的非经燃烧吸用的产品","415","哥斯达黎加","20290","千克","0","?","797,617",
"202603","24041200","其他含尼古丁的非经燃烧吸用的产品","418","多米尼加
","35763","千克","0","?","1,243,564",
"202603","24041200","其他含尼古丁的非经燃烧吸用的产品","419","厄瓜多尔","5562","千克","0","?","224,097",
"202603","24041200","其他含尼古丁的非经燃烧吸用的产品","423","危地马拉","4721","千克","0","?","211,102",
"202603","24041200","其他含尼古丁的非经燃烧吸用的产品","426","洪都拉斯","3082","千克","0","?","129,714",
"202603","24041200","其他含尼古丁的非经燃烧吸用的产品","427","牙买加","1268","千克","0","?","55,480",
"202603","24041200","其他含尼古丁的非经燃烧吸用的产品","432","巴拿马","96082","千克","0","?","2,418,387",
"202603","24041200","其他含尼古丁的非经燃烧吸用的产品","433","巴拉圭","206286","千克","0","?","7,678,963",
"202603","24041200","其他含尼古丁的非经燃烧吸用的产品","434","秘鲁","22359","千克","0","?","755,869",
"202603","24041200","其他含尼古丁的非经燃烧吸用的产品","440","萨尔瓦多","1336","千克","0","?","60,613",
"202603","24041200","其他含尼古丁的非经燃烧吸用的产品","442","特立尼达和多巴哥","274","千克","0","?","8,508",
"202603","24041200","其他含尼古丁的非经燃烧吸用的产品","444","乌拉圭","1758","千克","0","?","70,559",
"202603","24041200","其他含尼古丁的非经燃烧吸用的产品","501","加拿大","560639","千克","0","?","21,212,685",
"202603","24041200","其他含尼古丁的非经燃烧吸用的产品","502","美国","4286464","千克","0","?","169,123,238",
"202603","24041200","其他含尼古丁的非经燃烧吸用的产品","601","澳大利亚","18285","千克","0","?","1,236,762",
"202603","24041200","其他含尼古丁的非经燃烧吸用的产品","607","新喀里多尼亚","4783","千克","0","?","378,092",
"202603","24041200","其他含尼古丁的非经燃烧吸用的产品","609","新西兰","115806","千克","0","?","4,976,674",
"202603","24041200","其他含尼古丁的非经燃烧吸用的产品","623","法属波利尼西亚","1302","千克","0","?","51,563",
"202603","24041990","其他含尼古丁代用品的非经燃烧吸用的产品","112","印度尼西亚","2775","千克","0","?","70,052",
"202603","24041990","其他含尼古丁代用品的非经燃烧吸用的产品","116","日本","85102","千克","0","?","3,825,763",
"202603","24041990","其他含尼古丁代用品的非经燃烧吸用的产品","118","科威特","210","千克","0","?","12,000",
"202603","24041990","其他含尼古丁代用品的非经燃烧吸用的产品","120","黎巴嫩","14","千克","0","?","800",
"202603","24041990","其他含尼古丁代用品的非经燃烧吸用的产品","122","马来西亚","10366","千克","0","?","282,075",
"202603","24041990","其他含尼古丁代用品的非经燃烧吸用的产品","131","沙特阿拉伯","14","千克","0","?","800",
"202603","24041990","其他含尼古丁代用品的非经燃烧吸用的产品","133","韩国","105526","千克","0","?","2,818,517",
"202603","24041990","其他含尼古丁代用品的非经燃烧吸用的产品","138","阿联酋","291","千克","0","?","17,056",
"202603","24041990","其他含尼古丁代用品的非经燃烧吸用的产品","150","格鲁吉亚","819","千克","0","?","37,507",
"202603","24041990","其他含尼古丁代用品的非经燃烧吸用的产品","226","利比亚","219","千克","0","?","18,000",
"202603","24041990","其他含尼古丁代用品的非经燃烧吸用的产品","232","摩洛哥","1262","千克","0","?","18,059",
"202603","24041990","其他含尼古丁代用品的非经燃烧吸用的产品","244","南非","221","千克","0","?","8,378",
"202603","24041990","其他含尼古丁代用品的非经燃烧吸用的产品","249","突尼斯","22","千克","0","?","4,034",
"202603","24041990","其他含尼古丁代用品的非经燃烧吸用的产品","302","丹麦","506","千克","0","?","23,320",
"202603","24041990","其他含尼古丁代用品的非经燃烧吸用的产品","303","英国","1557","千克","0","?","96,077",
"202603","24041990","其他含尼古丁代用品的非经燃烧吸用的产品","304","德国","6813","千克","0","?","291,560",
"202603","24041990","其他含尼古丁代用品的非经燃烧吸用的产品","305","法国","5096","千克","0","?","179,511",
"202603","24041990","其他含尼古丁代用品的非经燃烧吸用的产品","307","意大利","462","千克","0","?","19,033",
"202603","24041990","其他含尼古丁代用品的非经燃烧吸用的产品","309","荷兰","11101","千克","0","?","376,200",
"202603","24041990","其他含尼古丁代用品的非经燃烧吸用的产品","310","希腊","352","千克","0","?","18,756",
"202603","24041990","其他含尼古丁代用品的非经燃烧吸用的产品","312","西班牙","9423","千克","0","?","345,847",
"202603","24041990","其他含尼古丁代用品的非经燃烧吸用的产品","313","阿尔巴尼亚","281","千克","0","?","8,198",
"202603","24041990","其他含尼古丁代用品的非经燃烧吸用的产品","315","奥地利","3449","千克","0","?","144,093",
"202603","24041990","其他含尼古丁代用品的非经燃烧吸用的产品","316","保加利亚","212","千克","0","?","10,779",
"202603","24041990","其他含尼古丁代用品的非经燃烧吸用的产品","322","冰岛","1","千克","0","?","1",
"202603","24041990","其他含尼古丁代用品的非经燃烧吸用的产品","327","波兰","11251","千克","0","?","385,173",
"202603","24041990","其他含尼古丁代用品的非经燃烧吸用的产品","328","罗马尼亚","724","千克","0","?","29,355",
"202603","24041990","其他含尼古丁代用品的非经燃烧吸用的产品","331","瑞士","310","千克","0","?","17,760",
"202603","24041990","其他含尼古丁代用品的非经燃烧吸用的产品","334","爱沙尼亚","63","千克","0","?","3,907",
"202603","24041990","其他含尼古丁代用品的非经燃烧吸用的产品","335","拉脱维亚","2143","千克","0","?","150,434",
"202603","24041990","其他含尼古丁代用品的非经燃烧吸用的产品","344","俄罗斯","6440","千克","0","?","184,313",
"202603","24041990","其他含尼古丁代用品的非经燃烧吸用的产品","351","克罗地亚","4580","千克","0","?","305,033",
"202603","24041990","其他含尼古丁代用品的非经燃烧吸用的产品","352","捷克","990","千克","0","?","38,979",
"202603","24041990","其他含尼古丁代用品的非经燃烧吸用的产品","358","塞尔维亚","311","千克","0","?","13,379",
"202603","24041990","其他含尼古丁代用品的非经燃烧吸用的产品","415","哥斯达黎加","45","千克","0","?","2,205",
"202603","24041990","其他含尼古丁代用品的非经燃烧吸用的产品","419","厄瓜多尔","93","千克","0","?","3,020",
"202603","24041990","其他含尼古丁代用品的非经燃烧吸用的产品","433","巴拉圭","114","千克","0","?","6,586",
"202603","24041990","其他含尼古丁代用品的非经燃烧吸用的产品","501","加拿大","2386","千克","0","?","112,777",
"202603","24041990","其他含尼古丁代用品的非经燃烧吸用的产品","502","美国","141672","千克","0","?","5,551,795",
"202603","24041990","其他含尼古丁代用品的非经燃烧吸用的产品","601","澳大利亚","404","千克","0","?","10,127",
"202603","24041990","其他含尼古丁代用品的非经燃烧吸用的产品","609","新西兰","118","千克","0","?","11,807",
"202603","85434000","电子烟及类似的个人电子雾化设备","108","塞浦路斯","40800","台","4226","千克","132,653",
"202603","85434000","电子烟及类似的个人电子雾化设备","110","中国香港","3458","台","409","千克","28,567",
"202603","85434000","电子烟及类似的个人电子雾化设备","112","印度尼西亚","1466429","台","124859","千克","7,212,618",
"202603","85434000","电子烟及类似的个人电子雾化设备","115","以色列","543200","台","47165","千克","2,088,889",
"202603","85434000","电子烟及类似的个人电子雾化设备","116","日本","1430228","台","160585","千克","36,239,859",
"202603","85434000","电子烟及类似的个人电子雾化设备","117","约旦","9090","台","2298","千克","268,657",
"202603","85434000","电子烟及类似的个人电子雾化设备","118","科威特","7230","台","578","千克","30,120",
"202603","85434000","电子烟及类似的个人电子雾化设备","120","黎巴嫩","19432","台","4909","千克","754,846",
"202603","85434000","电子烟及类似的个人电子雾化设备","122","马来西亚","1180201","台","78472","千克","3,990,369",
"202603","85434000","电子烟及类似的个人电子雾化设备","124","蒙古","68664","台","6318","千克","239,354",
"202603","85434000","电子烟及类似的个人电子雾化设备","125","尼泊尔","210","台","49","千克","4,616",
"202603","85434000","电子烟及类似的个人电子雾化设备","127","巴基斯坦","252769","台","14599","千克","1,245,539",
"202603","85434000","电子烟及类似的个人电子雾化设备","129","菲律宾","82010","台","5840","千克","904,356",
"202603","85434000","电子烟及类似的个人电子雾化设备","131","沙特阿拉伯","40630","台","4045","千克","629,599",
"202603","85434000","电子烟及类似的个人电子雾化设备","133","韩国","1139354","台","105677","千克","7,750,185",
"202603","85434000","电子烟及类似的个人电子雾化设备","137","土耳其","13770","台","3588","千克","492,773",
"202603","85434000","电子烟及类似的个人电子雾化设备","138","阿联酋","165045","台","14784","千克","1,021,511",
"202603","85434000","电子烟及类似的个人电子雾化设备","143","中国台湾","33350","台","3209","千克","375,122",
"202603","85434000","电子烟及类似的个人电子雾化设备","145","哈萨克斯坦","68342","台","14841","千克","2,055,746",
"202603","85434000","电子烟及类似的个人电子雾化设备","146","吉尔吉斯斯坦","12492","台","3071","千克","286,095",
"202603","85434000","电子烟及类似的个人电子雾化设备","150","格鲁吉亚","22258","台","7236","千克","530,658",
"202603","85434000","电子烟及类似的个人电子雾化设备","151","亚美尼亚","21860","台","2703","千克","121,305",
"202603","85434000","电子烟及类似的个人电子雾化设备","152","阿塞拜疆","35900","台","2674","千克","278,414",
"202603","85434000","电子烟及类似的个人电子雾化设备","215","埃及","89800","台","14008","千克","1,437,271",
"202603","85434000","电子烟及类似的个人电子雾化设备","226","利比亚","34000","台","3157","千克","97,000",
"202603","85434000","电子烟及类似的个人电子雾化设备","232","摩洛哥","9208","台","1364","千克","130,408",
"202603","85434000","电子烟及类似的个人电子雾化设备","236","尼日利亚","210","台","20","千克","1,086",
"202603","85434000","电子烟及类似的个人电子雾化设备","244","南非","188501","台","14092","千克","909,409",
"202603","85434000","电子烟及类似的个人电子雾化设备","249","突尼斯","7110","台","1687","千克","165,742",
"202603","85434000","电子烟及类似的个人电子雾化设备","253","赞比亚","120","台","18","千克","2,057",
"202603","85434000","电子烟及类似的个人电子雾化设备","301","比利时","110","台","31","千克","3,814",
"202603","85434000","电子烟及类似的个人电子雾化设备","302","丹麦","26222","台","1932","千克","172,339",
"202603","85434000","电子烟及类似的个人电子雾化设备","303","英国","16636554","台","1154851","千克","45,161,915",
"202603","85434000","电子烟及类似的个人电子雾化设备","304","德国","2104394","台","177901","千克","24,744,127",
"202603","85434000","电子烟及类似的个人电子雾化设备","305","法国","723982","台","194883","千克","8,290,352",
"202603","85434000","电子烟及类似的个人电子雾化设备","306","爱尔兰","459329","台","32848","千克","1,405,321",
"202603","85434000","电子烟及类似的个人电子雾化设备","307","意大利","444656","台","23974","千克","3,213,204",
"202603","85434000","电子烟及类似的个人电子雾化设备","309","荷兰","670651","台","37419","千克","2,054,563",
"202603","85434000","电子烟及类似的个人电子雾化设备","310","希腊","756686","台","24990","千克","3,658,417",
"202603","85434000","电子烟及类似的个人电子雾化设备","311","葡萄牙","3840","台","611","千克","198,013",
"202603","85434000","电子烟及类似的个人电子雾化设备","312","西班牙","227765","台","13687","千克","842,959",
"202603","85434000","电子烟及类似的个人电子雾化设备","315","奥地利","448250","台","21398","千克","962,243",
"202603","85434000","电子烟及类似的个人电子雾化设备","316","保加利亚","340027","台","16654","千克","1,200,685",
"202603","85434000","电子烟及类似的个人电子雾化设备","321","匈牙利","4990","台","699","千克","171,409",
"202603","85434000","电子烟及类似的个人电子雾化设备","322","冰岛","1725","台","101","千克","8,012",
"202603","85434000","电子烟及类似的个人电子雾化设备","324","马耳他","10000","台","429","千克","16,800",
"202603","85434000","电子烟及类似的个人电子雾化设备","326","挪威","1440","台","152","千克","15,608",
"202603","85434000","电子烟及类似的个人电子雾化设备","327","波兰","1058942","台","72027","千克","15,265,432",
"202603","85434000","电子烟及类似的个人电子雾化设备","328","罗马尼亚","160654","台","7770","千克","3,111,692",
"202603","85434000","电子烟及类似的个人电子雾化设备","329","圣马力诺","1360","台","132","千克","9,590",
"202603","85434000","电子烟及类似的个人电子雾化设备","330","瑞典","16186","台","888","千克","42,704",
"202603","85434000","电子烟及类似的个人电子雾化设备","331","瑞士","205607","台","12451","千克","619,879",
"202603","85434000","电子烟及类似的个人电子雾化设备","334","爱沙尼亚","580","台","37","千克","3,975",
"202603","85434000","电子烟及类似的个人电子雾化设备","335","拉脱维亚","91605","台","3466","千克","258,522",
"202603","85434000","电子烟及类似的个人电子雾化设备","336","立陶宛","10754","台","999","千克","92,026",
"202603","85434000","电子烟及类似的个人电子雾化设备","340","白俄罗斯","8567","台","847","千克","77,339",
"202603","85434000","电子烟及类似的个人电子雾化设备","343","摩尔多瓦","18235","台","2365","千克","93,626",
"202603","85434000","电子烟及类似的个人电子雾化设备","344","俄罗斯","1189131","台","139082","千克","14,164,102",
"202603","85434000","电子烟及类似的个人电子雾化设备","347","乌克兰","49762","台","7448","千克","1,342,615",
"202603","85434000","电子烟及类似的个人电子雾化设备","350","斯洛文尼亚","23435","台","1735","千克","176,972",
"202603","85434000","电子烟及类似的个人电子雾化设备","351","克罗地亚","648484","台","25585","千克","7,669,257",
"202603","85434000","电子烟及类似的个人电子雾化设备","352","捷克","273696","台","10688","千克","979,320",
"202603","85434000","电子烟及类似的个人电子雾化设备","353","斯洛伐克","53355","台","2861","千克","287,920",
"202603","85434000","电子烟及类似的个人电子雾化设备","355","波斯尼亚和黑塞哥维那","38100","台","2153","千克","97,260",
"202603","85434000","电子烟及类似的个人电子雾化设备","358","塞尔维亚","136285","台","11043","千克","1,569,283",
"202603","85434000","电子烟及类似的个人电子雾化设备","412","智利","23656","台","2054","千克","117,899",
"202603","85434000","电子烟及类似的个人电子雾化设备","413","哥伦比亚","79700","台","7231","千克","811,090",
"202603","85434000","电子烟及类似的个人电子雾化设备","418","多米尼加
","252786","台","10712","千克","540,248",
"202603","85434000","电子烟及类似的个人电子雾化设备","419","厄瓜多尔","4949","台","460","千克","22,324",
"202603","85434000","电子烟及类似的个人电子雾化设备","423","危地马拉","4490","台","225","千克","14,450",
"202603","85434000","电子烟及类似的个人电子雾化设备","426","洪都拉斯","4000","台","151","千克","10,930",
"202603","85434000","电子烟及类似的个人电子雾化设备","429","墨西哥","20460","台","5163","千克","622,637",
"202603","85434000","电子烟及类似的个人电子雾化设备","433","巴拉圭","59581","台","4333","千克","219,931",
"202603","85434000","电子烟及类似的个人电子雾化设备","434","秘鲁","33882","台","2386","千克","102,318",
"202603","85434000","电子烟及类似的个人电子雾化设备","501","加拿大","1308482","台","53536","千克","3,884,724",
"202603","85434000","电子烟及类似的个人电子雾化设备","502","美国","27076694","台","984299","千克","64,003,563",
"202603","85434000","电子烟及类似的个人电子雾化设备","601","澳大利亚","7448","台","1178","千克","103,448",
"202603","85434000","电子烟及类似的个人电子雾化设备","609","新西兰","216369","台","12256","千克","782,776",
"202603","85434000","电子烟及类似的个人电子雾化设备","623","法属波利尼西亚","29500","台","3275","千克","106,975",
"202603","85439090","品目8543所列其他设备及装置的零件","102","巴林","2211","千克","0","?","2,077",
"202603","85439090","品目8543所列其他设备及装置的零件","103","孟加拉国","8932","千克","0","?","117,256",
"202603","85439090","品目8543所列其他设备及装置的零件","105","文莱","15","千克","0","?","11,389",
"202603","85439090","品目8543所列其他设备及装置的零件","106","缅甸","40585","千克","0","?","263,652",
"202603","85439090","品目8543所列其他设备及装置的零件","107","柬埔寨","80662","千克","0","?","128,559",
"202603","85439090","品目8543所列其他设备及装置的零件","108","塞浦路斯","27","千克","0","?","1,991",
"202603","85439090","品目8543所列其他设备及装置的零件","110","中国香港","72113","千克","0","?","23,253,821",
"202603","85439090","品目8543所列其他设备及装置的零件","111","印度","191427","千克","0","?","2,141,194",
"202603","85439090","品目8543所列其他设备及装置的零件","112","印度尼西亚","411472","千克","0","?","17,072,212",
"202603","85439090","品目8543所列其他设备及装置的零件","113","伊朗","81","千克","0","?","10,683",
"202603","85439090","品目8543所列其他设备及装置的零件","115","以色列","22929","千克","0","?","1,450,826",
"202603","85439090","品目8543所列其他设备及装置的零件","116","日本","30976","千克","0","?","2,605,147",
"202603","85439090","品目8543所列其他设备及装置的零件","117","约旦","271","千克","0","?","23,617",
"202603","85439090","品目8543所列其他设备及装置的零件","118","科威特","548","千克","0","?","75,722",
"202603","85439090","品目8543所列其他设备及装置的零件","119","老挝","1056","千克","0","?","2,045",
"202603","85439090","品目8543所列其他设备及装置的零件","120","黎巴嫩","16","千克","0","?","12,714",
"202603","85439090","品目8543所列其他设备及装置的零件","121","中国澳门","2706","千克","0","?","1,087,219",
"202603","85439090","品目8543所列其他设备及装置的零件","122","马来西亚","235641","千克","0","?","12,462,918",
"202603","85439090","品目8543所列其他设备及装置的零件","123","马尔代夫","11","千克","0","?","678",
"202603","85439090","品目8543所列其他设备及装置的零件","124","蒙古","109","千克","0","?","7,487",
"202603","85439090","品目8543所列其他设备及装置的零件","125","尼泊尔","2","千克","0","?","186",
"202603","85439090","品目8543所列其他设备及装置的零件","126","阿曼","192650","千克","0","?","666,100",
"202603","85439090","品目8543所列其他设备及装置的零件","127","巴基斯坦","24958","千克","0","?","490,159",
"202603","85439090","品目8543所列其他设备及装置的零件","129","菲律宾","50795","千克","0","?","762,290",
"202603","85439090","品目8543所列其他设备及装置的零件","130","卡塔尔","10","千克","0","?","386",
"202603","85439090","品目8543所列其他设备及装置的零件","131","沙特阿拉伯","2515","千克","0","?","223,794",
"202603","85439090","品目8543所列其他设备及装置的零件","132","新加坡","29453","千克","0","?","1,045,344",
"202603","85439090","品目8543所列其他设备及装置的零件","133","韩国","256650","千克","0","?","9,979,259",
"202603","85439090","品目8543所列其他设备及装置的零件","134","斯里兰卡","7","千克","0","?","1,326",
"202603","85439090","品目8543所列其他设备及装置的零件","136","泰国","202532","千克","0","?","4,935,513",
"202603","85439090","品目8543所列其他设备及装置的零件","137","土耳其","806","千克","0","?","68,332",
"202603","85439090","品目8543所列其他设备及装置的零件","138","阿联酋","11794","千克","0","?","807,350",
"202603","85439090","品目8543所列其他设备及装置的零件","141","越南","200662","千克","0","?","25,188,415",
"202603","85439090","品目8543所列其他设备及装置的零件","143","中国台湾","165479","千克","0","?","3,703,132",
"202603","85439090","品目8543所列其他设备及装置的零件","144","东帝汶","720","千克","0","?","4,435",
"202603","85439090","品目8543所列其他设备及装置的零件","145","哈萨克斯坦","212546","千克","0","?","782,879",
"202603","85439090","品目8543所列其他设备及装置的零件","146","吉尔吉斯斯坦","0","千克","0","?","248",
"202603","85439090","品目8543所列其他设备及装置的零件","149","乌兹别克斯坦","518","千克","0","?","29,238",
"202603","85439090","品目8543所列其他设备及装置的零件","150","格鲁吉亚","206","千克","0","?","32,276",
"202603","85439090","品目8543所列其他设备及装置的零件","151","亚美尼亚","0","千克","0","?","10",
"202603","85439090","品目8543所列其他设备及装置的零件","152","阿塞拜疆","149","千克","0","?","13,851",
"202603","85439090","品目8543所列其他设备及装置的零件","201","阿尔及利亚","2573","千克","0","?","104,759",
"202603","85439090","品目8543所列其他设备及装置的零件","207","加那利群岛","12","千克","0","?","2,038",
"202603","85439090","品目8543所列其他设备及装置的零件","208","佛得角","0","千克","0","?","7",
"202603","85439090","品目8543所列其他设备及装置的零件","214","吉布提","272","千克","0","?","72,036",
"202603","85439090","品目8543所列其他设备及装置的零件","215","埃及","2673","千克","0","?","197,433",
"202603","85439090","品目8543所列其他设备及装置的零件","217","埃塞俄比亚","5","千克","0","?","1,528",
"202603","85439090","品目8543所列其他设备及装置的零件","220","加纳","102","千克","0","?","3,792",
"202603","85439090","品目8543所列其他设备及装置的零件","221","几内亚","80","千克","0","?","4,500",
"202603","85439090","品目8543所列其他设备及装置的零件","224","肯尼亚","25177","千克","0","?","145,427",
"202603","85439090","品目8543所列其他设备及装置的零件","225","利比里亚","796","千克","0","?","63,739",
"202603","85439090","品目8543所列其他设备及装置的零件","226","利比亚","37","千克","0","?","5,631",
"202603","85439090","品目8543所列其他设备及装置的零件","230","毛里塔尼亚","6456","千克","0","?","73,977",
"202603","85439090","品目8543所列其他设备及装置的零件","231","毛里求斯","25","千克","0","?","886",
"202603","85439090","品目8543所列其他设备及装置的零件","232","摩洛哥","1027","千克","0","?","77,625",
"202603","85439090","品目8543所列其他设备及装置的零件","233","莫桑比克","43","千克","0","?","2,021",
"202603","85439090","品目8543所列其他设备及装置的零件","236","尼日利亚","135","千克","0","?","17,028",
"202603","85439090","品目8543所列其他设备及装置的零件","237","留尼汪","4","千克","0","?","793",
"202603","85439090","品目8543所列其他设备及装置的零件","238","卢旺达","2","千克","0","?","89",
"202603","85439090","品目8543所列其他设备及装置的零件","240","塞内加尔","0","千克","0","?","180",
"202603","85439090","品目8543所列其他设备及装置的零件","242","塞拉利昂","1","千克","0","?","308",
"202603","85439090","品目8543所列其他设备及装置的零件","243","索马里","7","千克","0","?","527",
"202603","85439090","品目8543所列其他设备及装置的零件","244","南非","51376","千克","0","?","1,417,915",
"202603","85439090","品目8543所列其他设备及装置的零件","246","苏丹","5760","千克","0","?","7,936",
"202603","85439090","品目8543所列其他设备及装置的零件","248","多哥","552","千克","0","?","5,200",
"202603","85439090","品目8543所列其他设备及装置的零件","249","突尼斯","15339","千克","0","?","252,153",
"202603","85439090","品目8543所列其他设备及装置的零件","250","乌干达","6","千克","0","?","1,349",
"202603","85439090","品目8543所列其他设备及装置的零件","252","刚果民主共和国","853840","千克","0","?","12,775,052",
"202603","85439090","品目8543所列其他设备及装置的零件","253","赞比亚","156","千克","0","?","5,723",
"202603","85439090","品目8543所列其他设备及装置的零件","301","比利时","715","千克","0","?","85,253",
"202603","85439090","品目8543所列其他设备及装置的零件","302","丹麦","1688","千克","0","?","203,811",
"202603","85439090","品目8543所列其他设备及装置的零件","303","英国","158138","千克","0","?","13,956,875",
"202603","85439090","品目8543所列其他设备及装置的零件","304","德国","73604","千克","0","?","6,758,634",
"202603","85439090","品目8543所列其他设备及装置的零件","305","法国","135302","千克","0","?","8,507,329",
"202603","85439090","品目8543所列其他设备及装置的零件","306","爱尔兰","2444","千克","0","?","289,446",
"202603","85439090","品目8543所列其他设备及装置的零件","307","意大利","50109","千克","0","?","2,511,490",
"202603","85439090","品目8543所列其他设备及装置的零件","308","卢森堡","3","千克","0","?","526",
"202603","85439090","品目8543所列其他设备及装置的零件","309","荷兰","18683","千克","0","?","1,175,071",
"202603","85439090","品目8543所列其他设备及装置的零件","310","希腊","7076","千克","0","?","563,795",
"202603","85439090","品目8543所列其他设备及装置的零件","311","葡萄牙","704","千克","0","?","70,156",
"202603","85439090","品目8543所列其他设备及装置的零件","312","西班牙","83337","千克","0","?","3,236,176",
"202603","85439090","品目8543所列其他设备及装置的零件","315","奥地利","3651","千克","0","?","293,815",
"202603","85439090","品目8543所列其他设备及装置的零件","316","保加利亚","2724","千克","0","?","227,180",
"202603","85439090","品目8543所列其他设备及装置的零件","318","芬兰","184","千克","0","?","78,906",
"202603","85439090","品目8543所列其他设备及装置的零件","321","匈牙利","83226","千克","0","?","2,561,385",
"202603","85439090","品目8543所列其他设备及装置的零件","322","冰岛","105","千克","0","?","17,516",
"202603","85439090","品目8543所列其他设备及装置的零件","324","马耳他","1398","千克","0","?","63,435",
"202603","85439090","品目8543所列其他设备及装置的零件","326","挪威","213624","千克","0","?","642,172",
"202603","85439090","品目8543所列其他设备及装置的零件","327","波兰","19935","千克","0","?","2,277,081",
"202603","85439090","品目8543所列其他设备及装置的零件","328","罗马尼亚","1407","千克","0","?","126,983",
"202603","85439090","品目8543所列其他设备及装置的零件","329","圣马力诺","48","千克","0","?","3,780",
"202603","85439090","品目8543所列其他设备及装置的零件","330","瑞典","6513","千克","0","?","499,898",
"202603","85439090","品目8543所列其他设备及装置的零件","331","瑞士","1393","千克","0","?","196,622",
"202603","85439090","品目8543所列其他设备及装置的零件","334","爱沙尼亚","183","千克","0","?","17,702",
"202603","85439090","品目8543所列其他设备及装置的零件","335","拉脱维亚","774","千克","0","?","33,544",
"202603","85439090","品目8543所列其他设备及装置的零件","336","立陶宛","1448","千克","0","?","193,979",
"202603","85439090","品目8543所列其他设备及装置的零件","340","白俄罗斯","11317","千克","0","?","645,492",
"202603","85439090","品目8543所列其他设备及装置的零件","343","摩尔多瓦","645","千克","0","?","74,568",
"202603","85439090","品目8543所列其他设备及装置的零件","344","俄罗斯","128622","千克","0","?","14,747,775",
"202603","85439090","品目8543所列其他设备及装置的零件","347","乌克兰","6347","千克","0","?","832,727",
"202603","85439090","品目8543所列其他设备及装置的零件","350","斯洛文尼亚","9119","千克","0","?","1,307,040",
"202603","85439090","品目8543所列其他设备及装置的零件","351","克罗地亚","2039","千克","0","?","366,237",
"202603","85439090","品目8543所列其他设备及装置的零件","352","捷克","15953","千克","0","?","1,815,554",
"202603","85439090","品目8543所列其他设备及装置的零件","353","斯洛伐克","824","千克","0","?","57,867",
"202603","85439090","品目8543所列其他设备及装置的零件","355","波斯尼亚和黑塞哥维那","1","千克","0","?","300",
"202603","85439090","品目8543所列其他设备及装置的零件","358","塞尔维亚","4769","千克","0","?","222,453",
"202603","85439090","品目8543所列其他设备及装置的零件","359","黑山","1","千克","0","?","110",
"202603","85439090","品目8543所列其他设备及装置的零件","402","阿根廷","168797","千克","0","?","385,101",
"202603","85439090","品目8543所列其他设备及装置的零件","404","巴哈马","2","千克","0","?","1,426",
"202603","85439090","品目8543所列其他设备及装置的零件","405","巴巴多斯","3","千克","0","?","447",
"202603","85439090","品目8543所列其他设备及装置的零件","408","玻利维亚
","6","千克","0","?","954",
"202603","85439090","品目8543所列其他设备及装置的零件","410","巴西","51758","千克","0","?","2,280,547",
"202603","85439090","品目8543所列其他设备及装置的零件","412","智利","32700","千克","0","?","167,963",
"202603","85439090","品目8543所列其他设备及装置的零件","413","哥伦比亚","219","千克","0","?","24,685",
"202603","85439090","品目8543所列其他设备及装置的零件","415","哥斯达黎加","12","千克","0","?","3,361",
"202603","85439090","品目8543所列其他设备及装置的零件","417","库拉索
","3","千克","0","?","1,697",
"202603","85439090","品目8543所列其他设备及装置的零件","418","多米尼加
","3138","千克","0","?","381,755",
"202603","85439090","品目8543所列其他设备及装置的零件","419","厄瓜多尔","1953","千克","0","?","24,997",
"202603","85439090","品目8543所列其他设备及装置的零件","423","危地马拉","2282","千克","0","?","22,314",
"202603","85439090","品目8543所列其他设备及装置的零件","424","圭亚那","146","千克","0","?","1,208",
"202603","85439090","品目8543所列其他设备及装置的零件","425","海地","2","千克","0","?","108",
"202603","85439090","品目8543所列其他设备及装置的零件","426","洪都拉斯","3","千克","0","?","318",
"202603","85439090","品目8543所列其他设备及装置的零件","429","墨西哥","66961","千克","0","?","1,985,597",
"202603","85439090","品目8543所列其他设备及装置的零件","431","尼加拉瓜","2","千克","0","?","56",
"202603","85439090","品目8543所列其他设备及装置的零件","432","巴拿马","2638","千克","0","?","142,706",
"202603","85439090","品目8543所列其他设备及装置的零件","433","巴拉圭","682","千克","0","?","87,514",
"202603","85439090","品目8543所列其他设备及装置的零件","434","秘鲁","9090","千克","0","?","59,111",
"202603","85439090","品目8543所列其他设备及装置的零件","435","波多黎各","18","千克","0","?","2,279",
"202603","85439090","品目8543所列其他设备及装置的零件","437","圣卢西亚","2","千克","0","?","215",
"202603","85439090","品目8543所列其他设备及装置的零件","440","萨尔瓦多","5","千克","0","?","1,900",
"202603","85439090","品目8543所列其他设备及装置的零件","442","特立尼达和多巴哥","13","千克","0","?","2,061",
"202603","85439090","品目8543所列其他设备及装置的零件","444","乌拉圭","135","千克","0","?","6,618",
"202603","85439090","品目8543所列其他设备及装置的零件","445","委内瑞拉","1027","千克","0","?","14,373",
"202603","85439090","品目8543所列其他设备及装置的零件","501","加拿大","495578","千克","0","?","6,613,231",
"202603","85439090","品目8543所列其他设备及装置的零件","502","美国","1078015","千克","0","?","42,182,894",
"202603","85439090","品目8543所列其他设备及装置的零件","504","百慕大","0","千克","0","?","194",
"202603","85439090","品目8543所列其他设备及装置的零件","601","澳大利亚","69424","千克","0","?","734,022",
"202603","85439090","品目8543所列其他设备及装置的零件","603","斐济","2030","千克","0","?","41,144",
"202603","85439090","品目8543所列其他设备及装置的零件","609","新西兰","15058","千克","0","?","548,907",
"202603","85439090","品目8543所列其他设备及装置的零件","611","巴布亚新几内亚","1","千克","0","?","90",
"202603","85439090","品目8543所列其他设备及装置的零件","621","马绍尔群岛","704","千克","0","?","65,806",
"202603","85439090","品目8543所列其他设备及装置的零件","622","帕劳","135","千克","0","?","3,741",
"202603","85439090","品目8543所列其他设备及装置的零件","629","关岛
","1","千克","0","?","23",
"202604","24041200","其他含尼古丁的非经燃烧吸用的产品","102","巴林","1713","千克","0","?","50,313",
"202604","24041200","其他含尼古丁的非经燃烧吸用的产品","108","塞浦路斯","13358","千克","0","?","639,270",
"202604","24041200","其他含尼古丁的非经燃烧吸用的产品","110","中国香港","2","千克","0","?","240",
"202604","24041200","其他含尼古丁的非经燃烧吸用的产品","112","印度尼西亚","194186","千克","0","?","7,698,510",
"202604","24041200","其他含尼古丁的非经燃烧吸用的产品","115","以色列","11135","千克","0","?","448,673",
"202604","24041200","其他含尼古丁的非经燃烧吸用的产品","116","日本","671","千克","0","?","26,035",
"202604","24041200","其他含尼古丁的非经燃烧吸用的产品","117","约旦","1072","千克","0","?","49,012",
"202604","24041200","其他含尼古丁的非经燃烧吸用的产品","118","科威特","44044","千克","0","?","2,184,910",
"202604","24041200","其他含尼古丁的非经燃烧吸用的产品","120","黎巴嫩","2315","千克","0","?","101,070",
"202604","24041200","其他含尼古丁的非经燃烧吸用的产品","122","马来西亚","391341","千克","0","?","15,613,930",
"202604","24041200","其他含尼古丁的非经燃烧吸用的产品","124","蒙古","53776","千克","0","?","1,889,941",
"202604","24041200","其他含尼古丁的非经燃烧吸用的产品","125","尼泊尔","32239","千克","0","?","1,392,330",
"202604","24041200","其他含尼古丁的非经燃烧吸用的产品","127","巴基斯坦","44761","千克","0","?","1,369,988",
"202604","24041200","其他含尼古丁的非经燃烧吸用的产品","129","菲律宾","41654","千克","0","?","1,565,140",
"202604","24041200","其他含尼古丁的非经燃烧吸用的产品","131","沙特阿拉伯","107151","千克","0","?","3,698,872",
"202604","24041200","其他含尼古丁的非经燃烧吸用的产品","133","韩国","748605","千克","0","?","26,254,308",
"202604","24041200","其他含尼古丁的非经燃烧吸用的产品","137","土耳其","1140","千克","0","?","49,282",
"202604","24041200","其他含尼古丁的非经燃烧吸用的产品","138","阿联酋","905257","千克","0","?","30,644,225",
"202604","24041200","其他含尼古丁的非经燃烧吸用的产品","139","也门","354","千克","0","?","19,123",
"202604","24041200","其他含尼古丁的非经燃烧吸用的产品","150","格鲁吉亚","37858","千克","0","?","1,400,076",
"202604","24041200","其他含尼古丁的非经燃烧吸用的产品","151","亚美尼亚","52138","千克","0","?","1,500,376",
"202604","24041200","其他含尼古丁的非经燃烧吸用的产品","152","阿塞拜疆","9878","千克","0","?","528,399",
"202604","24041200","其他含尼古丁的非经燃烧吸用的产品","201","阿尔及利亚","818","千克","0","?","34,240",
"202604","24041200","其他含尼古丁的非经燃烧吸用的产品","204","博茨瓦纳","344","千克","0","?","11,374",
"202604","24041200","其他含尼古丁的非经燃烧吸用的产品","206","喀麦隆","85","千克","0","?","2,501",
"202604","24041200","其他含尼古丁的非经燃烧吸用的产品","215","埃及","69579","千克","0","?","2,387,602",
"202604","24041200","其他含尼古丁的非经燃烧吸用的产品","223","科特迪瓦","1124","千克","0","?","36,573",
"202604","24041200","其他含尼古丁的非经燃烧吸用的产品","224","肯尼亚","635","千克","0","?","20,190",
"202604","24041200","其他含尼古丁的非经燃烧吸用的产品","226","利比亚","27430","千克","0","?","825,179",
"202604","24041200","其他含尼古丁的非经燃烧吸用的产品","227","马达加斯加","123","千克","0","?","5,526",
"202604","24041200","其他含尼古丁的非经燃烧吸用的产品","230","毛里塔尼亚","496","千克","0","?","16,658",
"202604","24041200","其他含尼古丁的非经燃烧吸用的产品","232","摩洛哥","95837","千克","0","?","2,696,675",
"202604","24041200","其他含尼古丁的非经燃烧吸用的产品","236","尼日利亚","8819","千克","0","?","265,248",
"202604","24041200","其他含尼古丁的非经燃烧吸用的产品","240","塞内加尔","764","千克","0","?","33,800",
"202604","24041200","其他含尼古丁的非经燃烧吸用的产品","244","南非","77884","千克","0","?","3,359,211",
"202604","24041200","其他含尼古丁的非经燃烧吸用的产品","247","坦桑尼亚","89","千克","0","?","3,600",
"202604","24041200","其他含尼古丁的非经燃烧吸用的产品","249","突尼斯","360","千克","0","?","25,686",
"202604","24041200","其他含尼古丁的非经燃烧吸用的产品","301","比利时","31447","千克","0","?","2,262,488",
"202604","24041200","其他含尼古丁的非经燃烧吸用的产品","302","丹麦","2478","千克","0","?","83,414",
"202604","24041200","其他含尼古丁的非经燃烧吸用的产品","303","英国","1315180","千克","0","?","43,623,127",
"202604","24041200","其他含尼古丁的非经燃烧吸用的产品","304","德国","362707","千克","0","?","19,583,409",
"202604","24041200","其他含尼古丁的非经燃烧吸用的产品","305","法国","88229","千克","0","?","3,852,051",
"202604","24041200","其他含尼古丁的非经燃烧吸用的产品","306","爱尔兰","27355","千克","0","?","1,083,109",
"202604","24041200","其他含尼古丁的非经燃烧吸用的产品","307","意大利","96818","千克","0","?","4,362,785",
"202604","24041200","其他含尼古丁的非经燃烧吸用的产品","308","卢森堡","11442","千克","0","?","244,177",
"202604","24041200","其他含尼古丁的非经燃烧吸用的产品","309","荷兰","297937","千克","0","?","10,377,486",
"202604","24041200","其他含尼古丁的非经燃烧吸用的产品","310","希腊","77991","千克","0","?","4,986,259",
"202604","24041200","其他含尼古丁的非经燃烧吸用的产品","311","葡萄牙","408","千克","0","?","17,989",
"202604","24041200","其他含尼古丁的非经燃烧吸用的产品","312","西班牙","92409","千克","0","?","3,382,517",
"202604","24041200","其他含尼古丁的非经燃烧吸用的产品","313","阿尔巴尼亚","8319","千克","0","?","302,583",
"202604","24041200","其他含尼古丁的非经燃烧吸用的产品","315","奥地利","6199","千克","0","?","214,717",
"202604","24041200","其他含尼古丁的非经燃烧吸用的产品","316","保加利亚","8591","千克","0","?","434,959",
"202604","24041200","其他含尼古丁的非经燃烧吸用的产品","318","芬兰","4000","千克","0","?","143,611",
"202604","24041200","其他含尼古丁的非经燃烧吸用的产品","321","匈牙利","3116","千克","0","?","96,104",
"202604","24041200","其他含尼古丁的非经燃烧吸用的产品","322","冰岛","10201","千克","0","?","344,101",
"202604","24041200","其他含尼古丁的非经燃烧吸用的产品","324","马耳他","1670","千克","0","?","27,800",
"202604","24041200","其他含尼古丁的非经燃烧吸用的产品","327","波兰","46815","千克","0","?","1,589,344",
"202604","24041200","其他含尼古丁的非经燃烧吸用的产品","328","罗马尼亚","20419","千克","0","?","2,015,669",
"202604","24041200","其他含尼古丁的非经燃烧吸用的产品","329","圣马力诺","2204","千克","0","?","81,600",
"202604","24041200","其他含尼古丁的非经燃烧吸用的产品","330","瑞典","35167","千克","0","?","1,296,717",
"202604","24041200","其他含尼古丁的非经燃烧吸用的产品","331","瑞士","24758","千克","0","?","1,308,870",
"202604","24041200","其他含尼古丁的非经燃烧吸用的产品","334","爱沙尼亚","8939","千克","0","?","498,381",
"202604","24041200","其他含尼古丁的非经燃烧吸用的产品","335","拉脱维亚","19121","千克","0","?","959,656",
"202604","24041200","其他含尼古丁的非经燃烧吸用的产品","336","立陶宛","3817","千克","0","?","145,898",
"202604","24041200","其他含尼古丁的非经燃烧吸用的产品","340","白俄罗斯","5449","千克","0","?","277,022",
"202604","24041200","其他含尼古丁的非经燃烧吸用的产品","343","摩尔多瓦","35205","千克","0","?","962,523",
"202604","24041200","其他含尼古丁的非经燃烧吸用的产品","344","俄罗斯","389285","千克","0","?","17,154,599",
"202604","24041200","其他含尼古丁的非经燃烧吸用的产品","347","乌克兰","1160","千克","0","?","20,360",
"202604","24041200","其他含尼古丁的非经燃烧吸用的产品","350","斯洛文尼亚","15047","千克","0","?","640,455",
"202604","24041200","其他含尼古丁的非经燃烧吸用的产品","351","克罗地亚","231971","千克","0","?","15,526,967",
"202604","24041200","其他含尼古丁的非经燃烧吸用的产品","352","捷克","60164","千克","0","?","2,575,591",
"202604","24041200","其他含尼古丁的非经燃烧吸用的产品","353","斯洛伐克","16509","千克","0","?","819,193",
"202604","24041200","其他含尼古丁的非经燃烧吸用的产品","355","波斯尼亚和黑塞哥维那","3055","千克","0","?","131,384",
"202604","24041200","其他含尼古丁的非经燃烧吸用的产品","358","塞尔维亚","14584","千克","0","?","726,999",
"202604","24041200","其他含尼古丁的非经燃烧吸用的产品","412","智利","24156","千克","0","?","698,967",
"202604","24041200","其他含尼古丁的非经燃烧吸用的产品","413","哥伦比亚","36115","千克","0","?","1,519,081",
"202604","24041200","其他含尼古丁的非经燃烧吸用的产品","415","哥斯达黎加","10838","千克","0","?","433,400",
"202604","24041200","其他含尼古丁的非经燃烧吸用的产品","418","多米尼加
","32073","千克","0","?","924,840",
"202604","24041200","其他含尼古丁的非经燃烧吸用的产品","419","厄瓜多尔","4075","千克","0","?","111,723",
"202604","24041200","其他含尼古丁的非经燃烧吸用的产品","423","危地马拉","4166","千克","0","?","173,954",
"202604","24041200","其他含尼古丁的非经燃烧吸用的产品","424","圭亚那","4139","千克","0","?","186,600",
"202604","24041200","其他含尼古丁的非经燃烧吸用的产品","426","洪都拉斯","4410","千克","0","?","187,129",
"202604","24041200","其他含尼古丁的非经燃烧吸用的产品","427","牙买加","428","千克","0","?","20,721",
"202604","24041200","其他含尼古丁的非经燃烧吸用的产品","432","巴拿马","35071","千克","0","?","1,340,330",
"202604","24041200","其他含尼古丁的非经燃烧吸用的产品","433","巴拉圭","163550","千克","0","?","6,781,466",
"202604","24041200","其他含尼古丁的非经燃烧吸用的产品","434","秘鲁","7417","千克","0","?","312,775",
"202604","24041200","其他含尼古丁的非经燃烧吸用的产品","440","萨尔瓦多","4774","千克","0","?","189,243",
"202604","24041200","其他含尼古丁的非经燃烧吸用的产品","442","特立尼达和多巴哥","584","千克","0","?","20,130",
"202604","24041200","其他含尼古丁的非经燃烧吸用的产品","501","加拿大","292977","千克","0","?","11,750,029",
"202604","24041200","其他含尼古丁的非经燃烧吸用的产品","502","美国","3926054","千克","0","?","157,400,116",
"202604","24041200","其他含尼古丁的非经燃烧吸用的产品","601","澳大利亚","4323","千克","0","?","314,830",
"202604","24041200","其他含尼古丁的非经燃烧吸用的产品","607","新喀里多尼亚","5362","千克","0","?","423,651",
"202604","24041200","其他含尼古丁的非经燃烧吸用的产品","609","新西兰","146525","千克","0","?","5,685,214",
"202604","24041200","其他含尼古丁的非经燃烧吸用的产品","611","巴布亚新几内亚","108","千克","0","?","6,077",
"202604","24041200","其他含尼古丁的非经燃烧吸用的产品","623","法属波利尼西亚","506","千克","0","?","21,103",
"202604","24041200","其他含尼古丁的非经燃烧吸用的产品","629","关岛
","776","千克","0","?","36,080",
"202604","24041990","其他含尼古丁代用品的非经燃烧吸用的产品","112","印度尼西亚","821","千克","0","?","18,665",
"202604","24041990","其他含尼古丁代用品的非经燃烧吸用的产品","115","以色列","1050","千克","0","?","39,028",
"202604","24041990","其他含尼古丁代用品的非经燃烧吸用的产品","116","日本","102711","千克","0","?","4,511,683",
"202604","24041990","其他含尼古丁代用品的非经燃烧吸用的产品","117","约旦","14","千克","0","?","800",
"202604","24041990","其他含尼古丁代用品的非经燃烧吸用的产品","122","马来西亚","1283","千克","0","?","45,076",
"202604","24041990","其他含尼古丁代用品的非经燃烧吸用的产品","132","新加坡","336","千克","0","?","12,515",
"202604","24041990","其他含尼古丁代用品的非经燃烧吸用的产品","133","韩国","46283","千克","0","?","1,234,939",
"202604","24041990","其他含尼古丁代用品的非经燃烧吸用的产品","138","阿联酋","4117","千克","0","?","139,406",
"202604","24041990","其他含尼古丁代用品的非经燃烧吸用的产品","151","亚美尼亚","3824","千克","0","?","129,000",
"202604","24041990","其他含尼古丁代用品的非经燃烧吸用的产品","226","利比亚","5000","千克","0","?","13,182",
"202604","24041990","其他含尼古丁代用品的非经燃烧吸用的产品","232","摩洛哥","224","千克","0","?","2,698",
"202604","24041990","其他含尼古丁代用品的非经燃烧吸用的产品","244","南非","60","千克","0","?","4,724",
"202604","24041990","其他含尼古丁代用品的非经燃烧吸用的产品","249","突尼斯","1833","千克","0","?","7,744",
"202604","24041990","其他含尼古丁代用品的非经燃烧吸用的产品","301","比利时","621","千克","0","?","45,444",
"202604","24041990","其他含尼古丁代用品的非经燃烧吸用的产品","303","英国","6413","千克","0","?","197,051",
"202604","24041990","其他含尼古丁代用品的非经燃烧吸用的产品","304","德国","6420","千克","0","?","251,520",
"202604","24041990","其他含尼古丁代用品的非经燃烧吸用的产品","305","法国","5700","千克","0","?","245,936",
"202604","24041990","其他含尼古丁代用品的非经燃烧吸用的产品","307","意大利","2269","千克","0","?","94,627",
"202604","24041990","其他含尼古丁代用品的非经燃烧吸用的产品","309","荷兰","4918","千克","0","?","136,206",
"202604","24041990","其他含尼古丁代用品的非经燃烧吸用的产品","310","希腊","264","千克","0","?","14,040",
"202604","24041990","其他含尼古丁代用品的非经燃烧吸用的产品","311","葡萄牙","22","千克","0","?","3,564",
"202604","24041990","其他含尼古丁代用品的非经燃烧吸用的产品","312","西班牙","7343","千克","0","?","298,524",
"202604","24041990","其他含尼古丁代用品的非经燃烧吸用的产品","313","阿尔巴尼亚","140","千克","0","?","5,697",
"202604","24041990","其他含尼古丁代用品的非经燃烧吸用的产品","322","冰岛","14","千克","0","?","563",
"202604","24041990","其他含尼古丁代用品的非经燃烧吸用的产品","327","波兰","653","千克","0","?","27,587",
"202604","24041990","其他含尼古丁代用品的非经燃烧吸用的产品","328","罗马尼亚","1448","千克","0","?","59,168",
"202604","24041990","其他含尼古丁代用品的非经燃烧吸用的产品","331","瑞士","292","千克","0","?","14,088",
"202604","24041990","其他含尼古丁代用品的非经燃烧吸用的产品","334","爱沙尼亚","80","千克","0","?","5,636",
"202604","24041990","其他含尼古丁代用品的非经燃烧吸用的产品","335","拉脱维亚","1428","千克","0","?","63,896",
"202604","24041990","其他含尼古丁代用品的非经燃烧吸用的产品","336","立陶宛","439","千克","0","?","23,353",
"202604","24041990","其他含尼古丁代用品的非经燃烧吸用的产品","344","俄罗斯","7174","千克","0","?","260,088",
"202604","24041990","其他含尼古丁代用品的非经燃烧吸用的产品","350","斯洛文尼亚","520","千克","0","?","22,163",
"202604","24041990","其他含尼古丁代用品的非经燃烧吸用的产品","351","克罗地亚","12268","千克","0","?","693,594",
"202604","24041990","其他含尼古丁代用品的非经燃烧吸用的产品","352","捷克","249","千克","0","?","9,995",
"202604","24041990","其他含尼古丁代用品的非经燃烧吸用的产品","353","斯洛伐克","152","千克","0","?","7,128",
"202604","24041990","其他含尼古丁代用品的非经燃烧吸用的产品","358","塞尔维亚","129","千克","0","?","5,414",
"202604","24041990","其他含尼古丁代用品的非经燃烧吸用的产品","415","哥斯达黎加","80","千克","0","?","4,408",
"202604","24041990","其他含尼古丁代用品的非经燃烧吸用的产品","419","厄瓜多尔","3163","千克","0","?","113,500",
"202604","24041990","其他含尼古丁代用品的非经燃烧吸用的产品","433","巴拉圭","208","千克","0","?","11,238",
"202604","24041990","其他含尼古丁代用品的非经燃烧吸用的产品","501","加拿大","784","千克","0","?","32,622",
"202604","24041990","其他含尼古丁代用品的非经燃烧吸用的产品","502","美国","89327","千克","0","?","2,851,957",
"202604","24041990","其他含尼古丁代用品的非经燃烧吸用的产品","601","澳大利亚","59","千克","0","?","7,730",
"202604","24041990","其他含尼古丁代用品的非经燃烧吸用的产品","609","新西兰","100","千克","0","?","5,398",
"202604","85434000","电子烟及类似的个人电子雾化设备","102","巴林","7875","台","676","千克","52,761",
"202604","85434000","电子烟及类似的个人电子雾化设备","108","塞浦路斯","21000","台","1967","千克","63,420",
"202604","85434000","电子烟及类似的个人电子雾化设备","110","中国香港","190","台","25","千克","620",
"202604","85434000","电子烟及类似的个人电子雾化设备","112","印度尼西亚","1355447","台","132729","千克","9,348,790",
"202604","85434000","电子烟及类似的个人电子雾化设备","115","以色列","213354","台","19450","千克","949,860",
"202604","85434000","电子烟及类似的个人电子雾化设备","116","日本","1078713","台","158740","千克","29,855,454",
"202604","85434000","电子烟及类似的个人电子雾化设备","117","约旦","16520","台","4108","千克","477,505",
"202604","85434000","电子烟及类似的个人电子雾化设备","118","科威特","13980","台","1485","千克","256,818",
"202604","85434000","电子烟及类似的个人电子雾化设备","120","黎巴嫩","29000","台","3950","千克","879,982",
"202604","85434000","电子烟及类似的个人电子雾化设备","122","马来西亚","534005","台","46855","千克","2,192,355",
"202604","85434000","电子烟及类似的个人电子雾化设备","123","马尔代夫","150","台","35","千克","3,443",
"202604","85434000","电子烟及类似的个人电子雾化设备","124","蒙古","131000","台","10866","千克","522,367",
"202604","85434000","电子烟及类似的个人电子雾化设备","125","尼泊尔","300","台","70","千克","6,878",
"202604","85434000","电子烟及类似的个人电子雾化设备","127","巴基斯坦","76110","台","4705","千克","362,135",
"202604","85434000","电子烟及类似的个人电子雾化设备","128","巴勒斯坦","180","台","53","千克","7,934",
"202604","85434000","电子烟及类似的个人电子雾化设备","129","菲律宾","68620","台","3458","千克","519,033",
"202604","85434000","电子烟及类似的个人电子雾化设备","131","沙特阿拉伯","175949","台","22487","千克","2,179,770",
"202604","85434000","电子烟及类似的个人电子雾化设备","132","新加坡","1600","台","304","千克","17,600",
"202604","85434000","电子烟及类似的个人电子雾化设备","133","韩国","657861","台","65289","千克","5,780,953",
"202604","85434000","电子烟及类似的个人电子雾化设备","137","土耳其","14400","台","3383","千克","396,004",
"202604","85434000","电子烟及类似的个人电子雾化设备","138","阿联酋","274403","台","28909","千克","1,402,402",
"202604","85434000","电子烟及类似的个人电子雾化设备","145","哈萨克斯坦","14580","台","3655","千克","379,686",
"202604","85434000","电子烟及类似的个人电子雾化设备","147","塔吉克斯坦","1260","台","323","千克","36,379",
"202604","85434000","电子烟及类似的个人电子雾化设备","149","乌兹别克斯坦","4150","台","529","千克","69,637",
"202604","85434000","电子烟及类似的个人电子雾化设备","150","格鲁吉亚","22874","台","4919","千克","468,075",
"202604","85434000","电子烟及类似的个人电子雾化设备","151","亚美尼亚","530","台","121","千克","7,555",
"202604","85434000","电子烟及类似的个人电子雾化设备","152","阿塞拜疆","810","台","78","千克","18,972",
"202604","85434000","电子烟及类似的个人电子雾化设备","206","喀麦隆","520","台","51","千克","2,116",
"202604","85434000","电子烟及类似的个人电子雾化设备","215","埃及","3030668","台","51645","千克","1,628,481",
"202604","85434000","电子烟及类似的个人电子雾化设备","224","肯尼亚","3000","台","142","千克","8,000",
"202604","85434000","电子烟及类似的个人电子雾化设备","226","利比亚","1000","台","76","千克","7,690",
"202604","85434000","电子烟及类似的个人电子雾化设备","232","摩洛哥","13200","台","1619","千克","176,462",
"202604","85434000","电子烟及类似的个人电子雾化设备","236","尼日利亚","7370","台","637","千克","32,026",
"202604","85434000","电子烟及类似的个人电子雾化设备","244","南非","186933","台","12593","千克","739,854",
"202604","85434000","电子烟及类似的个人电子雾化设备","249","突尼斯","9330","台","2401","千克","299,802",
"202604","85434000","电子烟及类似的个人电子雾化设备","301","比利时","36","台","2","千克","170",
"202604","85434000","电子烟及类似的个人电子雾化设备","302","丹麦","3520","台","183","千克","12,104",
"202604","85434000","电子烟及类似的个人电子雾化设备","303","英国","14670087","台","1035295","千克","39,556,399",
"202604","85434000","电子烟及类似的个人电子雾化设备","304","德国","1897664","台","151524","千克","20,796,011",
"202604","85434000","电子烟及类似的个人电子雾化设备","305","法国","772299","台","137605","千克","6,089,924",
"202604","85434000","电子烟及类似的个人电子雾化设备","306","爱尔兰","1363828","台","79546","千克","3,268,890",
"202604","85434000","电子烟及类似的个人电子雾化设备","307","意大利","565392","台","45107","千克","5,836,029",
"202604","85434000","电子烟及类似的个人电子雾化设备","308","卢森堡","5000","台","366","千克","20,750",
"202604","85434000","电子烟及类似的个人电子雾化设备","309","荷兰","436497","台","17812","千克","1,423,997",
"202604","85434000","电子烟及类似的个人电子雾化设备","310","希腊","337185","台","14890","千克","3,459,954",
"202604","85434000","电子烟及类似的个人电子雾化设备","311","葡萄牙","10","台","2","千克","515",
"202604","85434000","电子烟及类似的个人电子雾化设备","312","西班牙","195931","台","12691","千克","876,892",
"202604","85434000","电子烟及类似的个人电子雾化设备","313","阿尔巴尼亚","1000","台","100","千克","4,700",
"202604","85434000","电子烟及类似的个人电子雾化设备","315","奥地利","122353","台","7584","千克","590,711",
"202604","85434000","电子烟及类似的个人电子雾化设备","316","保加利亚","91881","台","4940","千克","461,650",
"202604","85434000","电子烟及类似的个人电子雾化设备","321","匈牙利","2110","台","814","千克","93,750",
"202604","85434000","电子烟及类似的个人电子雾化设备","322","冰岛","2275","台","157","千克","18,005",
"202604","85434000","电子烟及类似的个人电子雾化设备","324","马耳他","4180","台","421","千克","30,818",
"202604","85434000","电子烟及类似的个人电子雾化设备","326","挪威","2429","台","288","千克","24,313",
"202604","85434000","电子烟及类似的个人电子雾化设备","327","波兰","243061","台","17116","千克","4,213,573",
"202604","85434000","电子烟及类似的个人电子雾化设备","328","罗马尼亚","187066","台","10586","千克","4,254,604",
"202604","85434000","电子烟及类似的个人电子雾化设备","329","圣马力诺","5970","台","467","千克","29,235",
"202604","85434000","电子烟及类似的个人电子雾化设备","330","瑞典","3527","台","368","千克","37,365",
"202604","85434000","电子烟及类似的个人电子雾化设备","331","瑞士","139492","台","5556","千克","586,802",
"202604","85434000","电子烟及类似的个人电子雾化设备","334","爱沙尼亚","3","台","0","千克","42",
"202604","85434000","电子烟及类似的个人电子雾化设备","335","拉脱维亚","85055","台","3492","千克","195,644",
"202604","85434000","电子烟及类似的个人电子雾化设备","336","立陶宛","39310","台","2406","千克","211,075",
"202604","85434000","电子烟及类似的个人电子雾化设备","340","白俄罗斯","9860","台","960","千克","96,314",
"202604","85434000","电子烟及类似的个人电子雾化设备","343","摩尔多瓦","2000","台","159","千克","11,129",
"202604","85434000","电子烟及类似的个人电子雾化设备","344","俄罗斯","399610","台","42122","千克","4,922,349",
"202604","85434000","电子烟及类似的个人电子雾化设备","347","乌克兰","156696","台","14813","千克","2,206,747",
"202604","85434000","电子烟及类似的个人电子雾化设备","350","斯洛文尼亚","18686","台","1679","千克","147,717",
"202604","85434000","电子烟及类似的个人电子雾化设备","351","克罗地亚","722761","台","41769","千克","6,677,684",
"202604","85434000","电子烟及类似的个人电子雾化设备","352","捷克","354998","台","18213","千克","968,642",
"202604","85434000","电子烟及类似的个人电子雾化设备","353","斯洛伐克","1060","台","33","千克","9,587",
"202604","85434000","电子烟及类似的个人电子雾化设备","358","塞尔维亚","23051","台","2114","千克","548,619",
"202604","85434000","电子烟及类似的个人电子雾化设备","412","智利","38115","台","2550","千克","147,106",
"202604","85434000","电子烟及类似的个人电子雾化设备","413","哥伦比亚","31450","台","7823","千克","1,166,117",
"202604","85434000","电子烟及类似的个人电子雾化设备","418","多米尼加
","96976","台","7836","千克","335,960",
"202604","85434000","电子烟及类似的个人电子雾化设备","419","厄瓜多尔","17977","台","2162","千克","156,630",
"202604","85434000","电子烟及类似的个人电子雾化设备","423","危地马拉","2000","台","65","千克","5,310",
"202604","85434000","电子烟及类似的个人电子雾化设备","426","洪都拉斯","2000","台","98","千克","6,000",
"202604","85434000","电子烟及类似的个人电子雾化设备","429","墨西哥","20010","台","5156","千克","696,806",
"202604","85434000","电子烟及类似的个人电子雾化设备","432","巴拿马","61000","台","4576","千克","234,041",
"202604","85434000","电子烟及类似的个人电子雾化设备","433","巴拉圭","42529","台","3008","千克","329,164",
"202604","85434000","电子烟及类似的个人电子雾化设备","434","秘鲁","9083","台","528","千克","26,197",
"202604","85434000","电子烟及类似的个人电子雾化设备","435","波多黎各","5010","台","106","千克","10,421",
"202604","85434000","电子烟及类似的个人电子雾化设备","501","加拿大","1113450","台","41583","千克","3,168,734",
"202604","85434000","电子烟及类似的个人电子雾化设备","502","美国","30515802","台","1082144","千克","79,109,021",
"202604","85434000","电子烟及类似的个人电子雾化设备","601","澳大利亚","33595","台","1128","千克","86,080",
"202604","85434000","电子烟及类似的个人电子雾化设备","607","新喀里多尼亚","30000","台","690","千克","118,500",
"202604","85434000","电子烟及类似的个人电子雾化设备","609","新西兰","773464","台","50641","千克","2,874,183",
"202604","85439090","品目8543所列其他设备及装置的零件","102","巴林","1448","千克","0","?","161,231",
"202604","85439090","品目8543所列其他设备及装置的零件","103","孟加拉国","36600","千克","0","?","275,530",
"202604","85439090","品目8543所列其他设备及装置的零件","105","文莱","110","千克","0","?","26,110",
"202604","85439090","品目8543所列其他设备及装置的零件","106","缅甸","204","千克","0","?","3,183",
"202604","85439090","品目8543所列其他设备及装置的零件","107","柬埔寨","20014","千克","0","?","237,213",
"202604","85439090","品目8543所列其他设备及装置的零件","108","塞浦路斯","63","千克","0","?","7,556",
"202604","85439090","品目8543所列其他设备及装置的零件","110","中国香港","70625","千克","0","?","16,482,197",
"202604","85439090","品目8543所列其他设备及装置的零件","111","印度","352808","千克","0","?","3,239,126",
"202604","85439090","品目8543所列其他设备及装置的零件","112","印度尼西亚","778233","千克","0","?","32,844,736",
"202604","85439090","品目8543所列其他设备及装置的零件","113","伊朗","2136","千克","0","?","82,953",
"202604","85439090","品目8543所列其他设备及装置的零件","114","伊拉克","47","千克","0","?","4,750",
"202604","85439090","品目8543所列其他设备及装置的零件","115","以色列","12594","千克","0","?","935,554",
"202604","85439090","品目8543所列其他设备及装置的零件","116","日本","55924","千克","0","?","3,533,301",
"202604","85439090","品目8543所列其他设备及装置的零件","117","约旦","2249","千克","0","?","31,295",
"202604","85439090","品目8543所列其他设备及装置的零件","118","科威特","1592","千克","0","?","202,554",
"202604","85439090","品目8543所列其他设备及装置的零件","119","老挝","2949","千克","0","?","7,078",
"202604","85439090","品目8543所列其他设备及装置的零件","120","黎巴嫩","40","千克","0","?","400",
"202604","85439090","品目8543所列其他设备及装置的零件","121","中国澳门","2264","千克","0","?","966,401",
"202604","85439090","品目8543所列其他设备及装置的零件","122","马来西亚","483974","千克","0","?","18,188,821",
"202604","85439090","品目8543所列其他设备及装置的零件","125","尼泊尔","8","千克","0","?","3,410",
"202604","85439090","品目8543所列其他设备及装置的零件","126","阿曼","769","千克","0","?","9,399",
"202604","85439090","品目8543所列其他设备及装置的零件","127","巴基斯坦","109905","千克","0","?","2,272,120",
"202604","85439090","品目8543所列其他设备及装置的零件","129","菲律宾","63283","千克","0","?","1,260,693",
"202604","85439090","品目8543所列其他设备及装置的零件","130","卡塔尔","9","千克","0","?","1,012",
"202604","85439090","品目8543所列其他设备及装置的零件","131","沙特阿拉伯","35081","千克","0","?","1,195,975",
"202604","85439090","品目8543所列其他设备及装置的零件","132","新加坡","72805","千克","0","?","1,698,593",
"202604","85439090","品目8543所列其他设备及装置的零件","133","韩国","139493","千克","0","?","9,025,186",
"202604","85439090","品目8543所列其他设备及装置的零件","134","斯里兰卡","35","千克","0","?","6,712",
"202604","85439090","品目8543所列其他设备及装置的零件","135","叙利亚","572","千克","0","?","1,300",
"202604","85439090","品目8543所列其他设备及装置的零件","136","泰国","78000","千克","0","?","1,981,769",
"202604","85439090","品目8543所列其他设备及装置的零件","137","土耳其","121068","千克","0","?","1,155,802",
"202604","85439090","品目8543所列其他设备及装置的零件","138","阿联酋","10766","千克","0","?","635,046",
"202604","85439090","品目8543所列其他设备及装置的零件","141","越南","5751777","千克","0","?","39,908,762",
"202604","85439090","品目8543所列其他设备及装置的零件","143","中国台湾","136785","千克","0","?","3,602,104",
"202604","85439090","品目8543所列其他设备及装置的零件","145","哈萨克斯坦","72716","千克","0","?","568,405",
"202604","85439090","品目8543所列其他设备及装置的零件","146","吉尔吉斯斯坦","58","千克","0","?","12,703",
"202604","85439090","品目8543所列其他设备及装置的零件","148","土库曼斯坦","38","千克","0","?","2,438",
"202604","85439090","品目8543所列其他设备及装置的零件","149","乌兹别克斯坦","3363","千克","0","?","4,342",
"202604","85439090","品目8543所列其他设备及装置的零件","150","格鲁吉亚","252","千克","0","?","34,648",
"202604","85439090","品目8543所列其他设备及装置的零件","151","亚美尼亚","34","千克","0","?","16,453",
"202604","85439090","品目8543所列其他设备及装置的零件","152","阿塞拜疆","691","千克","0","?","4,763",
"202604","85439090","品目8543所列其他设备及装置的零件","201","阿尔及利亚","28863","千克","0","?","290,577",
"202604","85439090","品目8543所列其他设备及装置的零件","202","安哥拉","113","千克","0","?","81",
"202604","85439090","品目8543所列其他设备及装置的零件","204","博茨瓦纳","1","千克","0","?","104",
"202604","85439090","品目8543所列其他设备及装置的零件","206","喀麦隆","28","千克","0","?","2,773",
"202604","85439090","品目8543所列其他设备及装置的零件","211","乍得","1","千克","0","?","1,263",
"202604","85439090","品目8543所列其他设备及装置的零件","214","吉布提","6","千克","0","?","510",
"202604","85439090","品目8543所列其他设备及装置的零件","215","埃及","2500","千克","0","?","121,399",
"202604","85439090","品目8543所列其他设备及装置的零件","217","埃塞俄比亚","4","千克","0","?","2,850",
"202604","85439090","品目8543所列其他设备及装置的零件","220","加纳","2154","千克","0","?","15,593",
"202604","85439090","品目8543所列其他设备及装置的零件","221","几内亚","21","千克","0","?","1,256",
"202604","85439090","品目8543所列其他设备及装置的零件","223","科特迪瓦","5","千克","0","?","6,195",
"202604","85439090","品目8543所列其他设备及装置的零件","224","肯尼亚","2200","千克","0","?","3,859",
"202604","85439090","品目8543所列其他设备及装置的零件","225","利比里亚","2221","千克","0","?","122,595",
"202604","85439090","品目8543所列其他设备及装置的零件","226","利比亚","29","千克","0","?","4,953",
"202604","85439090","品目8543所列其他设备及装置的零件","230","毛里塔尼亚","86","千克","0","?","1,721",
"202604","85439090","品目8543所列其他设备及装置的零件","231","毛里求斯","54","千克","0","?","654",
"202604","85439090","品目8543所列其他设备及装置的零件","232","摩洛哥","7573","千克","0","?","202,604",
"202604","85439090","品目8543所列其他设备及装置的零件","233","莫桑比克","1113","千克","0","?","1,855",
"202604","85439090","品目8543所列其他设备及装置的零件","234","纳米比亚","62240","千克","0","?","311,490",
"202604","85439090","品目8543所列其他设备及装置的零件","235","尼日尔","185","千克","0","?","8,928",
"202604","85439090","品目8543所列其他设备及装置的零件","236","尼日利亚","15541","千克","0","?","75,713",
"202604","85439090","品目8543所列其他设备及装置的零件","237","留尼汪","6","千克","0","?","300",
"202604","85439090","品目8543所列其他设备及装置的零件","238","卢旺达","540","千克","0","?","1,561",
"202604","85439090","品目8543所列其他设备及装置的零件","242","塞拉利昂","7","千克","0","?","348",
"202604","85439090","品目8543所列其他设备及装置的零件","243","索马里","41","千克","0","?","1,350",
"202604","85439090","品目8543所列其他设备及装置的零件","244","南非","16600","千克","0","?","463,900",
"202604","85439090","品目8543所列其他设备及装置的零件","247","坦桑尼亚","9","千克","0","?","11,227",
"202604","85439090","品目8543所列其他设备及装置的零件","248","多哥","17","千克","0","?","369",
"202604","85439090","品目8543所列其他设备及装置的零件","249","突尼斯","3296","千克","0","?","60,290",
"202604","85439090","品目8543所列其他设备及装置的零件","250","乌干达","150","千克","0","?","17,700",
"202604","85439090","品目8543所列其他设备及装置的零件","252","刚果民主共和国","759815","千克","0","?","6,990,773",
"202604","85439090","品目8543所列其他设备及装置的零件","253","赞比亚","35231","千克","0","?","146,091",
"202604","85439090","品目8543所列其他设备及装置的零件","254","津巴布韦","768","千克","0","?","16,539",
"202604","85439090","品目8543所列其他设备及装置的零件","260","南苏丹","350","千克","0","?","14,559",
"202604","85439090","品目8543所列其他设备及装置的零件","301","比利时","2882","千克","0","?","150,795",
"202604","85439090","品目8543所列其他设备及装置的零件","302","丹麦","680","千克","0","?","56,409",
"202604","85439090","品目8543所列其他设备及装置的零件","303","英国","137826","千克","0","?","12,411,482",
"202604","85439090","品目8543所列其他设备及装置的零件","304","德国","75373","千克","0","?","9,409,598",
"202604","85439090","品目8543所列其他设备及装置的零件","305","法国","59073","千克","0","?","6,075,941",
"202604","85439090","品目8543所列其他设备及装置的零件","306","爱尔兰","3772","千克","0","?","344,547",
"202604","85439090","品目8543所列其他设备及装置的零件","307","意大利","33663","千克","0","?","2,019,664",
"202604","85439090","品目8543所列其他设备及装置的零件","308","卢森堡","1","千克","0","?","30",
"202604","85439090","品目8543所列其他设备及装置的零件","309","荷兰","12671","千克","0","?","1,107,672",
"202604","85439090","品目8543所列其他设备及装置的零件","310","希腊","5121","千克","0","?","927,871",
"202604","85439090","品目8543所列其他设备及装置的零件","311","葡萄牙","3576","千克","0","?","198,192",
"202604","85439090","品目8543所列其他设备及装置的零件","312","西班牙","26176","千克","0","?","1,955,522",
"202604","85439090","品目8543所列其他设备及装置的零件","313","阿尔巴尼亚","27","千克","0","?","4,300",
"202604","85439090","品目8543所列其他设备及装置的零件","315","奥地利","4390","千克","0","?","411,001",
"202604","85439090","品目8543所列其他设备及装置的零件","316","保加利亚","2932","千克","0","?","205,003",
"202604","85439090","品目8543所列其他设备及装置的零件","318","芬兰","89","千克","0","?","113,321",
"202604","85439090","品目8543所列其他设备及装置的零件","321","匈牙利","30479","千克","0","?","828,066",
"202604","85439090","品目8543所列其他设备及装置的零件","322","冰岛","11","千克","0","?","3,310",
"202604","85439090","品目8543所列其他设备及装置的零件","324","马耳他","1731","千克","0","?","77,498",
"202604","85439090","品目8543所列其他设备及装置的零件","326","挪威","38647","千克","0","?","190,810",
"202604","85439090","品目8543所列其他设备及装置的零件","327","波兰","47161","千克","0","?","2,826,475",
"202604","85439090","品目8543所列其他设备及装置的零件","328","罗马尼亚","924","千克","0","?","117,411",
"202604","85439090","品目8543所列其他设备及装置的零件","329","圣马力诺","303","千克","0","?","24,383",
"202604","85439090","品目8543所列其他设备及装置的零件","330","瑞典","7428","千克","0","?","516,925",
"202604","85439090","品目8543所列其他设备及装置的零件","331","瑞士","2988","千克","0","?","564,019",
"202604","85439090","品目8543所列其他设备及装置的零件","334","爱沙尼亚","313","千克","0","?","26,792",
"202604","85439090","品目8543所列其他设备及装置的零件","335","拉脱维亚","660","千克","0","?","202,928",
"202604","85439090","品目8543所列其他设备及装置的零件","336","立陶宛","2236","千克","0","?","290,013",
"202604","85439090","品目8543所列其他设备及装置的零件","340","白俄罗斯","16235","千克","0","?","558,166",
"202604","85439090","品目8543所列其他设备及装置的零件","343","摩尔多瓦","884","千克","0","?","102,090",
"202604","85439090","品目8543所列其他设备及装置的零件","344","俄罗斯","88137","千克","0","?","27,001,055",
"202604","85439090","品目8543所列其他设备及装置的零件","347","乌克兰","6333","千克","0","?","820,718",
"202604","85439090","品目8543所列其他设备及装置的零件","350","斯洛文尼亚","16270","千克","0","?","2,317,787",
"202604","85439090","品目8543所列其他设备及装置的零件","351","克罗地亚","10026","千克","0","?","812,800",
"202604","85439090","品目8543所列其他设备及装置的零件","352","捷克","16669","千克","0","?","548,138",
"202604","85439090","品目8543所列其他设备及装置的零件","353","斯洛伐克","285","千克","0","?","59,860",
"202604","85439090","品目8543所列其他设备及装置的零件","354","北马其顿","42","千克","0","?","11,116",
"202604","85439090","品目8543所列其他设备及装置的零件","355","波斯尼亚和黑塞哥维那","24","千克","0","?","4,671",
"202604","85439090","品目8543所列其他设备及装置的零件","358","塞尔维亚","986","千克","0","?","62,048",
"202604","85439090","品目8543所列其他设备及装置的零件","359","黑山","0","千克","0","?","379",
"202604","85439090","品目8543所列其他设备及装置的零件","401","安提瓜和巴布达","4","千克","0","?","742",
"202604","85439090","品目8543所列其他设备及装置的零件","402","阿根廷","361","千克","0","?","26,321",
"202604","85439090","品目8543所列其他设备及装置的零件","403","阿鲁巴","0","千克","0","?","300",
"202604","85439090","品目8543所列其他设备及装置的零件","404","巴哈马","1","千克","0","?","87",
"202604","85439090","品目8543所列其他设备及装置的零件","408","玻利维亚
","124","千克","0","?","10,016",
"202604","85439090","品目8543所列其他设备及装置的零件","410","巴西","40751","千克","0","?","1,103,112",
"202604","85439090","品目8543所列其他设备及装置的零件","411","开曼群岛","0","千克","0","?","54",
"202604","85439090","品目8543所列其他设备及装置的零件","412","智利","1374","千克","0","?","81,015",
"202604","85439090","品目8543所列其他设备及装置的零件","413","哥伦比亚","506","千克","0","?","77,030",
"202604","85439090","品目8543所列其他设备及装置的零件","415","哥斯达黎加","180","千克","0","?","31,037",
"202604","85439090","品目8543所列其他设备及装置的零件","418","多米尼加
","5053","千克","0","?","400,166",
"202604","85439090","品目8543所列其他设备及装置的零件","419","厄瓜多尔","1310","千克","0","?","121,568",
"202604","85439090","品目8543所列其他设备及装置的零件","422","瓜德罗普","0","千克","0","?","10",
"202604","85439090","品目8543所列其他设备及装置的零件","423","危地马拉","2","千克","0","?","67",
"202604","85439090","品目8543所列其他设备及装置的零件","429","墨西哥","76453","千克","0","?","1,679,597",
"202604","85439090","品目8543所列其他设备及装置的零件","432","巴拿马","778","千克","0","?","120,918",
"202604","85439090","品目8543所列其他设备及装置的零件","433","巴拉圭","2143","千克","0","?","306,396",
"202604","85439090","品目8543所列其他设备及装置的零件","434","秘鲁","2054","千克","0","?","44,176",
"202604","85439090","品目8543所列其他设备及装置的零件","435","波多黎各","247","千克","0","?","13,336",
"202604","85439090","品目8543所列其他设备及装置的零件","440","萨尔瓦多","28","千克","0","?","5,425",
"202604","85439090","品目8543所列其他设备及装置的零件","442","特立尼达和多巴哥","1","千克","0","?","987",
"202604","85439090","品目8543所列其他设备及装置的零件","444","乌拉圭","3","千克","0","?","2,350",
"202604","85439090","品目8543所列其他设备及装置的零件","445","委内瑞拉","10","千克","0","?","1,136",
"202604","85439090","品目8543所列其他设备及装置的零件","447","圣基茨和尼维斯
","7","千克","0","?","350",
"202604","85439090","品目8543所列其他设备及装置的零件","501","加拿大","799878","千克","0","?","8,321,957",
"202604","85439090","品目8543所列其他设备及装置的零件","502","美国","1234025","千克","0","?","44,543,034",
"202604","85439090","品目8543所列其他设备及装置的零件","601","澳大利亚","60674","千克","0","?","799,922",
"202604","85439090","品目8543所列其他设备及装置的零件","603","斐济","16","千克","0","?","125",
"202604","85439090","品目8543所列其他设备及装置的零件","607","新喀里多尼亚","0","千克","0","?","48",
"202604","85439090","品目8543所列其他设备及装置的零件","609","新西兰","5442","千克","0","?","780,828",
"202604","85439090","品目8543所列其他设备及装置的零件","613","所罗门群岛","110","千克","0","?","2,040",
"202604","85439090","品目8543所列其他设备及装置的零件","617","萨摩亚","40","千克","0","?","116",
"202604","85439090","品目8543所列其他设备及装置的零件","621","马绍尔群岛","614","千克","0","?","37,805",
"202604","85439090","品目8543所列其他设备及装置的零件","622","帕劳","125","千克","0","?","3,741",
"202604","85439090","品目8543所列其他设备及装置的零件","623","法属波利尼西亚","1","千克","0","?","1,406",
"202604","85439090","品目8543所列其他设备及装置的零件","629","关岛
","5","千克","0","?","805",
"202605","24041200","其他含尼古丁的非经燃烧吸用的产品","102","巴林","3842","千克","0","?","149,254",
"202605","24041200","其他含尼古丁的非经燃烧吸用的产品","108","塞浦路斯","9023","千克","0","?","475,351",
"202605","24041200","其他含尼古丁的非经燃烧吸用的产品","110","中国香港","23","千克","0","?","606",
"202605","24041200","其他含尼古丁的非经燃烧吸用的产品","112","印度尼西亚","273262","千克","0","?","9,595,137",
"202605","24041200","其他含尼古丁的非经燃烧吸用的产品","115","以色列","5713","千克","0","?","243,476",
"202605","24041200","其他含尼古丁的非经燃烧吸用的产品","116","日本","3736","千克","0","?","131,821",
"202605","24041200","其他含尼古丁的非经燃烧吸用的产品","117","约旦","891","千克","0","?","24,337",
"202605","24041200","其他含尼古丁的非经燃烧吸用的产品","118","科威特","164774","千克","0","?","7,392,645",
"202605","24041200","其他含尼古丁的非经燃烧吸用的产品","120","黎巴嫩","6420","千克","0","?","262,059",
"202605","24041200","其他含尼古丁的非经燃烧吸用的产品","122","马来西亚","427344","千克","0","?","17,407,126",
"202605","24041200","其他含尼古丁的非经燃烧吸用的产品","124","蒙古","49916","千克","0","?","1,306,092",
"202605","24041200","其他含尼古丁的非经燃烧吸用的产品","125","尼泊尔","38742","千克","0","?","1,699,891",
"202605","24041200","其他含尼古丁的非经燃烧吸用的产品","126","阿曼","40","千克","0","?","1,866",
"202605","24041200","其他含尼古丁的非经燃烧吸用的产品","127","巴基斯坦","30882","千克","0","?","1,032,721",
"202605","24041200","其他含尼古丁的非经燃烧吸用的产品","129","菲律宾","127073","千克","0","?","3,852,135",
"202605","24041200","其他含尼古丁的非经燃烧吸用的产品","131","沙特阿拉伯","195763","千克","0","?","7,631,381",
"202605","24041200","其他含尼古丁的非经燃烧吸用的产品","133","韩国","494038","千克","0","?","18,699,666",
"202605","24041200","其他含尼古丁的非经燃烧吸用的产品","138","阿联酋","1158185","千克","0","?","38,599,623",
"202605","24041200","其他含尼古丁的非经燃烧吸用的产品","147","塔吉克斯坦","7657","千克","0","?","125,701",
"202605","24041200","其他含尼古丁的非经燃烧吸用的产品","150","格鲁吉亚","48695","千克","0","?","1,952,125",
"202605","24041200","其他含尼古丁的非经燃烧吸用的产品","151","亚美尼亚","57710","千克","0","?","1,969,435",
"202605","24041200","其他含尼古丁的非经燃烧吸用的产品","152","阿塞拜疆","6723","千克","0","?","226,054",
"202605","24041200","其他含尼古丁的非经燃烧吸用的产品","201","阿尔及利亚","207","千克","0","?","9,567",
"202605","24041200","其他含尼古丁的非经燃烧吸用的产品","205","布隆迪","425","千克","0","?","18,204",
"202605","24041200","其他含尼古丁的非经燃烧吸用的产品","214","吉布提","2633","千克","0","?","87,060",
"202605","24041200","其他含尼古丁的非经燃烧吸用的产品","215","埃及","45460","千克","0","?","1,756,490",
"202605","24041200","其他含尼古丁的非经燃烧吸用的产品","220","加纳","75","千克","0","?","2,700",
"202605","24041200","其他含尼古丁的非经燃烧吸用的产品","223","科特迪瓦","557","千克","0","?","17,412",
"202605","24041200","其他含尼古丁的非经燃烧吸用的产品","224","肯尼亚","10578","千克","0","?","512,095",
"202605","24041200","其他含尼古丁的非经燃烧吸用的产品","226","利比亚","8664","千克","0","?","287,903",
"202605","24041200","其他含尼古丁的非经燃烧吸用的产品","230","毛里塔尼亚","925","千克","0","?","25,992",
"202605","24041200","其他含尼古丁的非经燃烧吸用的产品","232","摩洛哥","135810","千克","0","?","3,601,861",
"202605","24041200","其他含尼古丁的非经燃烧吸用的产品","236","尼日利亚","3339","千克","0","?","91,694",
"202605","24041200","其他含尼古丁的非经燃烧吸用的产品","237","留尼汪","428","千克","0","?","18,951",
"202605","24041200","其他含尼古丁的非经燃烧吸用的产品","240","塞内加尔","1326","千克","0","?","52,448",
"202605","24041200","其他含尼古丁的非经燃烧吸用的产品","244","南非","188786","千克","0","?","7,662,813",
"202605","24041200","其他含尼古丁的非经燃烧吸用的产品","247","坦桑尼亚","2347","千克","0","?","107,091",
"202605","24041200","其他含尼古丁的非经燃烧吸用的产品","248","多哥","14468","千克","0","?","319,182",
"202605","24041200","其他含尼古丁的非经燃烧吸用的产品","249","突尼斯","1407","千克","0","?","66,517",
"202605","24041200","其他含尼古丁的非经燃烧吸用的产品","251","布基纳法索","520","千克","0","?","2,400",
"202605","24041200","其他含尼古丁的非经燃烧吸用的产品","253","赞比亚","1757","千克","0","?","69,880",
"202605","24041200","其他含尼古丁的非经燃烧吸用的产品","254","津巴布韦","4937","千克","0","?","144,191",
"202605","24041200","其他含尼古丁的非经燃烧吸用的产品","301","比利时","55069","千克","0","?","3,880,816",
"202605","24041200","其他含尼古丁的非经燃烧吸用的产品","302","丹麦","5600","千克","0","?","232,395",
"202605","24041200","其他含尼古丁的非经燃烧吸用的产品","303","英国","1339454","千克","0","?","42,880,328",
"202605","24041200","其他含尼古丁的非经燃烧吸用的产品","304","德国","674480","千克","0","?","31,702,155",
"202605","24041200","其他含尼古丁的非经燃烧吸用的产品","305","法国","91649","千克","0","?","3,763,696",
"202605","24041200","其他含尼古丁的非经燃烧吸用的产品","306","爱尔兰","42151","千克","0","?","1,595,956",
"202605","24041200","其他含尼古丁的非经燃烧吸用的产品","307","意大利","120798","千克","0","?","4,879,104",
"202605","24041200","其他含尼古丁的非经燃烧吸用的产品","308","卢森堡","8595","千克","0","?","269,722",
"202605","24041200","其他含尼古丁的非经燃烧吸用的产品","309","荷兰","299362","千克","0","?","9,322,611",
"202605","24041200","其他含尼古丁的非经燃烧吸用的产品","310","希腊","42584","千克","0","?","2,635,630",
"202605","24041200","其他含尼古丁的非经燃烧吸用的产品","311","葡萄牙","1761","千克","0","?","64,645",
"202605","24041200","其他含尼古丁的非经燃烧吸用的产品","312","西班牙","170127","千克","0","?","5,971,163",
"202605","24041200","其他含尼古丁的非经燃烧吸用的产品","313","阿尔巴尼亚","6197","千克","0","?","303,974",
"202605","24041200","其他含尼古丁的非经燃烧吸用的产品","315","奥地利","6235","千克","0","?","280,980",
"202605","24041200","其他含尼古丁的非经燃烧吸用的产品","316","保加利亚","15618","千克","0","?","1,223,444",
"202605","24041200","其他含尼古丁的非经燃烧吸用的产品","318","芬兰","1918","千克","0","?","44,565",
"202605","24041200","其他含尼古丁的非经燃烧吸用的产品","321","匈牙利","1983","千克","0","?","72,734",
"202605","24041200","其他含尼古丁的非经燃烧吸用的产品","322","冰岛","7737","千克","0","?","391,888",
"202605","24041200","其他含尼古丁的非经燃烧吸用的产品","324","马耳他","10717","千克","0","?","338,812",
"202605","24041200","其他含尼古丁的非经燃烧吸用的产品","325","摩纳哥","2539","千克","0","?","34,079",
"202605","24041200","其他含尼古丁的非经燃烧吸用的产品","327","波兰","76391","千克","0","?","2,424,347",
"202605","24041200","其他含尼古丁的非经燃烧吸用的产品","328","罗马尼亚","26603","千克","0","?","1,981,805",
"202605","24041200","其他含尼古丁的非经燃烧吸用的产品","329","圣马力诺","3560","千克","0","?","123,200",
"202605","24041200","其他含尼古丁的非经燃烧吸用的产品","330","瑞典","48507","千克","0","?","1,764,784",
"202605","24041200","其他含尼古丁的非经燃烧吸用的产品","331","瑞士","19932","千克","0","?","1,045,611",
"202605","24041200","其他含尼古丁的非经燃烧吸用的产品","334","爱沙尼亚","17350","千克","0","?","898,480",
"202605","24041200","其他含尼古丁的非经燃烧吸用的产品","335","拉脱维亚","26529","千克","0","?","1,305,713",
"202605","24041200","其他含尼古丁的非经燃烧吸用的产品","336","立陶宛","16106","千克","0","?","496,818",
"202605","24041200","其他含尼古丁的非经燃烧吸用的产品","340","白俄罗斯","3680","千克","0","?","149,783",
"202605","24041200","其他含尼古丁的非经燃烧吸用的产品","343","摩尔多瓦","121382","千克","0","?","3,520,370",
"202605","24041200","其他含尼古丁的非经燃烧吸用的产品","344","俄罗斯","625197","千克","0","?","25,220,022",
"202605","24041200","其他含尼古丁的非经燃烧吸用的产品","350","斯洛文尼亚","6490","千克","0","?","301,579",
"202605","24041200","其他含尼古丁的非经燃烧吸用的产品","351","克罗地亚","196385","千克","0","?","13,564,194",
"202605","24041200","其他含尼古丁的非经燃烧吸用的产品","352","捷克","59170","千克","0","?","2,266,082",
"202605","24041200","其他含尼古丁的非经燃烧吸用的产品","353","斯洛伐克","8614","千克","0","?","375,995",
"202605","24041200","其他含尼古丁的非经燃烧吸用的产品","355","波斯尼亚和黑塞哥维那","8675","千克","0","?","371,490",
"202605","24041200","其他含尼古丁的非经燃烧吸用的产品","358","塞尔维亚","17393","千克","0","?","491,057",
"202605","24041200","其他含尼古丁的非经燃烧吸用的产品","359","黑山","510","千克","0","?","14,230",
"202605","24041200","其他含尼古丁的非经燃烧吸用的产品","404","巴哈马","141","千克","0","?","8,580",
"202605","24041200","其他含尼古丁的非经燃烧吸用的产品","411","开曼群岛","3577","千克","0","?","245,783",
"202605","24041200","其他含尼古丁的非经燃烧吸用的产品","412","智利","11209","千克","0","?","570,451",
"202605","24041200","其他含尼古丁的非经燃烧吸用的产品","413","哥伦比亚","96332","千克","0","?","3,801,391",
"202605","24041200","其他含尼古丁的非经燃烧吸用的产品","415","哥斯达黎加","12426","千克","0","?","501,586",
"202605","24041200","其他含尼古丁的非经燃烧吸用的产品","418","多米尼加
","32850","千克","0","?","718,397",
"202605","24041200","其他含尼古丁的非经燃烧吸用的产品","419","厄瓜多尔","7939","千克","0","?","300,274",
"202605","24041200","其他含尼古丁的非经燃烧吸用的产品","423","危地马拉","8190","千克","0","?","346,372",
"202605","24041200","其他含尼古丁的非经燃烧吸用的产品","424","圭亚那","3741","千克","0","?","142,710",
"202605","24041200","其他含尼古丁的非经燃烧吸用的产品","426","洪都拉斯","167","千克","0","?","12,040",
"202605","24041200","其他含尼古丁的非经燃烧吸用的产品","427","牙买加","3535","千克","0","?","136,017",
"202605","24041200","其他含尼古丁的非经燃烧吸用的产品","432","巴拿马","4661","千克","0","?","180,535",
"202605","24041200","其他含尼古丁的非经燃烧吸用的产品","433","巴拉圭","132492","千克","0","?","5,683,569",
"202605","24041200","其他含尼古丁的非经燃烧吸用的产品","434","秘鲁","9059","千克","0","?","324,335",
"202605","24041200","其他含尼古丁的非经燃烧吸用的产品","440","萨尔瓦多","3614","千克","0","?","149,194",
"202605","24041200","其他含尼古丁的非经燃烧吸用的产品","442","特立尼达和多巴哥","6458","千克","0","?","172,662",
"202605","24041200","其他含尼古丁的非经燃烧吸用的产品","444","乌拉圭","101897","千克","0","?","3,957,937",
"202605","24041200","其他含尼古丁的非经燃烧吸用的产品","501","加拿大","428052","千克","0","?","16,919,397",
"202605","24041200","其他含尼古丁的非经燃烧吸用的产品","502","美国","3650230","千克","0","?","155,131,127",
"202605","24041200","其他含尼古丁的非经燃烧吸用的产品","503","格陵兰","1239","千克","0","?","37,000",
"202605","24041200","其他含尼古丁的非经燃烧吸用的产品","601","澳大利亚","1184","千克","0","?","73,915",
"202605","24041200","其他含尼古丁的非经燃烧吸用的产品","607","新喀里多尼亚","43","千克","0","?","2,720",
"202605","24041200","其他含尼古丁的非经燃烧吸用的产品","609","新西兰","87619","千克","0","?","3,323,995",
"202605","24041200","其他含尼古丁的非经燃烧吸用的产品","623","法属波利尼西亚","2917","千克","0","?","115,486",
"202605","24041990","其他含尼古丁代用品的非经燃烧吸用的产品","112","印度尼西亚","4588","千克","0","?","133,960",
"202605","24041990","其他含尼古丁代用品的非经燃烧吸用的产品","115","以色列","600","千克","0","?","17,616",
"202605","24041990","其他含尼古丁代用品的非经燃烧吸用的产品","116","日本","87553","千克","0","?","3,592,550",
"202605","24041990","其他含尼古丁代用品的非经燃烧吸用的产品","122","马来西亚","5652","千克","0","?","202,750",
"202605","24041990","其他含尼古丁代用品的非经燃烧吸用的产品","124","蒙古","327","千克","0","?","12,797",
"202605","24041990","其他含尼古丁代用品的非经燃烧吸用的产品","133","韩国","59867","千克","0","?","1,442,882",
"202605","24041990","其他含尼古丁代用品的非经燃烧吸用的产品","137","土耳其","47","千克","0","?","1,294",
"202605","24041990","其他含尼古丁代用品的非经燃烧吸用的产品","138","阿联酋","1121","千克","0","?","51,596",
"202605","24041990","其他含尼古丁代用品的非经燃烧吸用的产品","215","埃及","698","千克","0","?","22,000",
"202605","24041990","其他含尼古丁代用品的非经燃烧吸用的产品","244","南非","647","千克","0","?","27,227",
"202605","24041990","其他含尼古丁代用品的非经燃烧吸用的产品","303","英国","4865","千克","0","?","127,611",
"202605","24041990","其他含尼古丁代用品的非经燃烧吸用的产品","304","德国","21814","千克","0","?","801,639",
"202605","24041990","其他含尼古丁代用品的非经燃烧吸用的产品","305","法国","11949","千克","0","?","511,386",
"202605","24041990","其他含尼古丁代用品的非经燃烧吸用的产品","307","意大利","3368","千克","0","?","132,030",
"202605","24041990","其他含尼古丁代用品的非经燃烧吸用的产品","310","希腊","454","千克","0","?","22,038",
"202605","24041990","其他含尼古丁代用品的非经燃烧吸用的产品","311","葡萄牙","528","千克","0","?","19,219",
"202605","24041990","其他含尼古丁代用品的非经燃烧吸用的产品","312","西班牙","10711","千克","0","?","346,288",
"202605","24041990","其他含尼古丁代用品的非经燃烧吸用的产品","313","阿尔巴尼亚","138","千克","0","?","5,997",
"202605","24041990","其他含尼古丁代用品的非经燃烧吸用的产品","315","奥地利","129","千克","0","?","6,270",
"202605","24041990","其他含尼古丁代用品的非经燃烧吸用的产品","316","保加利亚","209","千克","0","?","14,434",
"202605","24041990","其他含尼古丁代用品的非经燃烧吸用的产品","324","马耳他","204","千克","0","?","8,028",
"202605","24041990","其他含尼古丁代用品的非经燃烧吸用的产品","327","波兰","2097","千克","0","?","89,916",
"202605","24041990","其他含尼古丁代用品的非经燃烧吸用的产品","328","罗马尼亚","1086","千克","0","?","44,996",
"202605","24041990","其他含尼古丁代用品的非经燃烧吸用的产品","331","瑞士","163","千克","0","?","10,424",
"202605","24041990","其他含尼古丁代用品的非经燃烧吸用的产品","334","爱沙尼亚","157","千克","0","?","6,882",
"202605","24041990","其他含尼古丁代用品的非经燃烧吸用的产品","335","拉脱维亚","476","千克","0","?","18,013",
"202605","24041990","其他含尼古丁代用品的非经燃烧吸用的产品","336","立陶宛","489","千克","0","?","26,450",
"202605","24041990","其他含尼古丁代用品的非经燃烧吸用的产品","344","俄罗斯","1846","千克","0","?","68,604",
"202605","24041990","其他含尼古丁代用品的非经燃烧吸用的产品","347","乌克兰","5228","千克","0","?","70,300",
"202605","24041990","其他含尼古丁代用品的非经燃烧吸用的产品","351","克罗地亚","8595","千克","0","?","557,728",
"202605","24041990","其他含尼古丁代用品的非经燃烧吸用的产品","352","捷克","641","千克","0","?","11,014",
"202605","24041990","其他含尼古丁代用品的非经燃烧吸用的产品","353","斯洛伐克","272","千克","0","?","14,397",
"202605","24041990","其他含尼古丁代用品的非经燃烧吸用的产品","358","塞尔维亚","526","千克","0","?","23,553",
"202605","24041990","其他含尼古丁代用品的非经燃烧吸用的产品","415","哥斯达黎加","190","千克","0","?","9,704",
"202605","24041990","其他含尼古丁代用品的非经燃烧吸用的产品","419","厄瓜多尔","18042","千克","0","?","565,120",
"202605","24041990","其他含尼古丁代用品的非经燃烧吸用的产品","433","巴拉圭","1242","千克","0","?","21,884",
"202605","24041990","其他含尼古丁代用品的非经燃烧吸用的产品","501","加拿大","949","千克","0","?","36,153",
"202605","24041990","其他含尼古丁代用品的非经燃烧吸用的产品","502","美国","61442","千克","0","?","2,023,470",
"202605","24041990","其他含尼古丁代用品的非经燃烧吸用的产品","609","新西兰","62","千克","0","?","4,470",
"202605","24041990","其他含尼古丁代用品的非经燃烧吸用的产品","618","基里巴斯","19","千克","0","?","708",
"202605","24041990","其他含尼古丁代用品的非经燃烧吸用的产品","629","关岛
","2152","千克","0","?","74,900",
"202605","85434000","电子烟及类似的个人电子雾化设备","102","巴林","8798","台","660","千克","80,460",
"202605","85434000","电子烟及类似的个人电子雾化设备","108","塞浦路斯","19400","台","1719","千克","70,804",
"202605","85434000","电子烟及类似的个人电子雾化设备","110","中国香港","1243","台","52","千克","2,567",
"202605","85434000","电子烟及类似的个人电子雾化设备","112","印度尼西亚","4136394","台","387605","千克","14,686,834",
"202605","85434000","电子烟及类似的个人电子雾化设备","114","伊拉克","24760","台","5671","千克","772,959",
"202605","85434000","电子烟及类似的个人电子雾化设备","115","以色列","228653","台","15946","千克","1,186,411",
"202605","85434000","电子烟及类似的个人电子雾化设备","116","日本","802623","台","123077","千克","21,979,728",
"202605","85434000","电子烟及类似的个人电子雾化设备","117","约旦","9070","台","2315","千克","377,786",
"202605","85434000","电子烟及类似的个人电子雾化设备","118","科威特","19231","台","2282","千克","237,649",
"202605","85434000","电子烟及类似的个人电子雾化设备","120","黎巴嫩","6840","台","1882","千克","278,360",
"202605","85434000","电子烟及类似的个人电子雾化设备","122","马来西亚","941453","台","62138","千克","2,996,182",
"202605","85434000","电子烟及类似的个人电子雾化设备","124","蒙古","63860","台","5009","千克","238,481",
"202605","85434000","电子烟及类似的个人电子雾化设备","127","巴基斯坦","239747","台","13607","千克","768,289",
"202605","85434000","电子烟及类似的个人电子雾化设备","129","菲律宾","56890","台","4659","千克","599,197",
"202605","85434000","电子烟及类似的个人电子雾化设备","131","沙特阿拉伯","215090","台","32785","千克","2,684,375",
"202605","85434000","电子烟及类似的个人电子雾化设备","132","新加坡","6278","台","614","千克","54,111",
"202605","85434000","电子烟及类似的个人电子雾化设备","133","韩国","569721","台","56380","千克","4,703,325",
"202605","85434000","电子烟及类似的个人电子雾化设备","136","泰国","2","台","0","千克","6",
"202605","85434000","电子烟及类似的个人电子雾化设备","137","土耳其","14130","台","3485","千克","431,728",
"202605","85434000","电子烟及类似的个人电子雾化设备","138","阿联酋","479960","台","43742","千克","2,170,178",
"202605","85434000","电子烟及类似的个人电子雾化设备","139","也门","5600","台","1048","千克","80,100",
"202605","85434000","电子烟及类似的个人电子雾化设备","145","哈萨克斯坦","22314","台","3988","千克","936,339",
"202605","85434000","电子烟及类似的个人电子雾化设备","146","吉尔吉斯斯坦","7020","台","1710","千克","161,707",
"202605","85434000","电子烟及类似的个人电子雾化设备","147","塔吉克斯坦","1925","台","295","千克","21,606",
"202605","85434000","电子烟及类似的个人电子雾化设备","150","格鲁吉亚","8630","台","1554","千克","199,020",
"202605","85434000","电子烟及类似的个人电子雾化设备","151","亚美尼亚","2460","台","750","千克","128,942",
"202605","85434000","电子烟及类似的个人电子雾化设备","152","阿塞拜疆","15770","台","1150","千克","194,469",
"202605","85434000","电子烟及类似的个人电子雾化设备","215","埃及","80690","台","10349","千克","1,101,205",
"202605","85434000","电子烟及类似的个人电子雾化设备","224","肯尼亚","9000","台","647","千克","36,661",
"202605","85434000","电子烟及类似的个人电子雾化设备","230","毛里塔尼亚","300","台","51","千克","2,370",
"202605","85434000","电子烟及类似的个人电子雾化设备","232","摩洛哥","7790","台","1227","千克","136,296",
"202605","85434000","电子烟及类似的个人电子雾化设备","234","纳米比亚","100","台","8","千克","794",
"202605","85434000","电子烟及类似的个人电子雾化设备","236","尼日利亚","23180","台","1571","千克","51,965",
"202605","85434000","电子烟及类似的个人电子雾化设备","244","南非","149054","台","8816","千克","638,231",
"202605","85434000","电子烟及类似的个人电子雾化设备","248","多哥","1600","台","419","千克","8,052",
"202605","85434000","电子烟及类似的个人电子雾化设备","249","突尼斯","4050","台","1000","千克","114,263",
"202605","85434000","电子烟及类似的个人电子雾化设备","253","赞比亚","2000","台","65","千克","4,415",
"202605","85434000","电子烟及类似的个人电子雾化设备","301","比利时","1299","台","143","千克","13,166",
"202605","85434000","电子烟及类似的个人电子雾化设备","302","丹麦","21148","台","1858","千克","164,919",
"202605","85434000","电子烟及类似的个人电子雾化设备","303","英国","15178608","台","1205344","千克","42,009,989",
"202605","85434000","电子烟及类似的个人电子雾化设备","304","德国","1724435","台","144683","千克","14,449,651",
"202605","85434000","电子烟及类似的个人电子雾化设备","305","法国","1558546","台","164219","千克","8,108,542",
"202605","85434000","电子烟及类似的个人电子雾化设备","306","爱尔兰","815165","台","51477","千克","2,094,754",
"202605","85434000","电子烟及类似的个人电子雾化设备","307","意大利","603365","台","50979","千克","8,190,940",
"202605","85434000","电子烟及类似的个人电子雾化设备","309","荷兰","234723","台","12334","千克","995,110",
"202605","85434000","电子烟及类似的个人电子雾化设备","310","希腊","719946","台","34448","千克","2,870,360",
"202605","85434000","电子烟及类似的个人电子雾化设备","311","葡萄牙","13226","台","601","千克","32,755",
"202605","85434000","电子烟及类似的个人电子雾化设备","312","西班牙","273518","台","14688","千克","1,397,111",
"202605","85434000","电子烟及类似的个人电子雾化设备","313","阿尔巴尼亚","14000","台","336","千克","23,014",
"202605","85434000","电子烟及类似的个人电子雾化设备","315","奥地利","60347","台","3446","千克","290,703",
"202605","85434000","电子烟及类似的个人电子雾化设备","316","保加利亚","151626","台","8670","千克","1,268,417",
"202605","85434000","电子烟及类似的个人电子雾化设备","321","匈牙利","3250","台","584","千克","34,155",
"202605","85434000","电子烟及类似的个人电子雾化设备","322","冰岛","6246","台","264","千克","31,806",
"202605","85434000","电子烟及类似的个人电子雾化设备","326","挪威","842","台","117","千克","13,231",
"202605","85434000","电子烟及类似的个人电子雾化设备","327","波兰","279566","台","19544","千克","5,064,141",
"202605","85434000","电子烟及类似的个人电子雾化设备","328","罗马尼亚","123504","台","13053","千克","3,889,398",
"202605","85434000","电子烟及类似的个人电子雾化设备","329","圣马力诺","2228","台","175","千克","13,144",
"202605","85434000","电子烟及类似的个人电子雾化设备","330","瑞典","6023","台","398","千克","30,036",
"202605","85434000","电子烟及类似的个人电子雾化设备","331","瑞士","243780","台","10660","千克","627,415",
"202605","85434000","电子烟及类似的个人电子雾化设备","334","爱沙尼亚","1820","台","143","千克","12,386",
"202605","85434000","电子烟及类似的个人电子雾化设备","335","拉脱维亚","40460","台","1691","千克","129,176",
"202605","85434000","电子烟及类似的个人电子雾化设备","336","立陶宛","59392","台","4401","千克","442,746",
"202605","85434000","电子烟及类似的个人电子雾化设备","340","白俄罗斯","5300","台","665","千克","55,967",
"202605","85434000","电子烟及类似的个人电子雾化设备","343","摩尔多瓦","19290","台","1353","千克","125,913",
"202605","85434000","电子烟及类似的个人电子雾化设备","344","俄罗斯","542560","台","69049","千克","5,039,355",
"202605","85434000","电子烟及类似的个人电子雾化设备","347","乌克兰","110955","台","11832","千克","1,772,537",
"202605","85434000","电子烟及类似的个人电子雾化设备","350","斯洛文尼亚","7728","台","425","千克","51,639",
"202605","85434000","电子烟及类似的个人电子雾化设备","351","克罗地亚","1032690","台","55232","千克","12,037,329",
"202605","85434000","电子烟及类似的个人电子雾化设备","352","捷克","201411","台","10542","千克","1,282,641",
"202605","85434000","电子烟及类似的个人电子雾化设备","353","斯洛伐克","341","台","29","千克","3,389",
"202605","85434000","电子烟及类似的个人电子雾化设备","355","波斯尼亚和黑塞哥维那","16600","台","1381","千克","67,175",
"202605","85434000","电子烟及类似的个人电子雾化设备","358","塞尔维亚","35308","台","2321","千克","518,774",
"202605","85434000","电子烟及类似的个人电子雾化设备","412","智利","83741","台","3078","千克","438,468",
"202605","85434000","电子烟及类似的个人电子雾化设备","413","哥伦比亚","81505","台","9937","千克","1,150,741",
"202605","85434000","电子烟及类似的个人电子雾化设备","415","哥斯达黎加","3800","台","562","千克","23,142",
"202605","85434000","电子烟及类似的个人电子雾化设备","418","多米尼加
","40360","台","2183","千克","147,949",
"202605","85434000","电子烟及类似的个人电子雾化设备","419","厄瓜多尔","57655","台","3435","千克","185,327",
"202605","85434000","电子烟及类似的个人电子雾化设备","423","危地马拉","10000","台","308","千克","47,500",
"202605","85434000","电子烟及类似的个人电子雾化设备","433","巴拉圭","129730","台","10218","千克","716,656",
"202605","85434000","电子烟及类似的个人电子雾化设备","434","秘鲁","500","台","71","千克","4,294",
"202605","85434000","电子烟及类似的个人电子雾化设备","435","波多黎各","5040","台","127","千克","11,138",
"202605","85434000","电子烟及类似的个人电子雾化设备","442","特立尼达和多巴哥","450","台","24","千克","3,033",
"202605","85434000","电子烟及类似的个人电子雾化设备","501","加拿大","1918652","台","76725","千克","5,167,562",
"202605","85434000","电子烟及类似的个人电子雾化设备","502","美国","24719792","台","847324","千克","60,327,237",
"202605","85434000","电子烟及类似的个人电子雾化设备","601","澳大利亚","26025","台","2202","千克","235,035",
"202605","85434000","电子烟及类似的个人电子雾化设备","609","新西兰","479625","台","32691","千克","1,927,070",
"202605","85434000","电子烟及类似的个人电子雾化设备","618","基里巴斯","300","台","36","千克","1,011",
"202605","85434000","电子烟及类似的个人电子雾化设备","621","马绍尔群岛","450","台","53","千克","2,111",
"202605","85434000","电子烟及类似的个人电子雾化设备","623","法属波利尼西亚","6500","台","739","千克","29,250",
"202605","85434000","电子烟及类似的个人电子雾化设备","629","关岛
","6320","台","584","千克","26,320",
"202605","85439090","品目8543所列其他设备及装置的零件","102","巴林","1101","千克","0","?","126,344",
"202605","85439090","品目8543所列其他设备及装置的零件","103","孟加拉国","17507","千克","0","?","202,724",
"202605","85439090","品目8543所列其他设备及装置的零件","105","文莱","2","千克","0","?","34",
"202605","85439090","品目8543所列其他设备及装置的零件","106","缅甸","1411","千克","0","?","895",
"202605","85439090","品目8543所列其他设备及装置的零件","107","柬埔寨","3044","千克","0","?","257,696",
"202605","85439090","品目8543所列其他设备及装置的零件","108","塞浦路斯","202","千克","0","?","14,658",
"202605","85439090","品目8543所列其他设备及装置的零件","110","中国香港","53311","千克","0","?","13,099,889",
"202605","85439090","品目8543所列其他设备及装置的零件","111","印度","163618","千克","0","?","2,596,101",
"202605","85439090","品目8543所列其他设备及装置的零件","112","印度尼西亚","519882","千克","0","?","27,171,057",
"202605","85439090","品目8543所列其他设备及装置的零件","113","伊朗","3326","千克","0","?","45,141",
"202605","85439090","品目8543所列其他设备及装置的零件","114","伊拉克","46","千克","0","?","8,090",
"202605","85439090","品目8543所列其他设备及装置的零件","115","以色列","15380","千克","0","?","1,391,793",
"202605","85439090","品目8543所列其他设备及装置的零件","116","日本","51254","千克","0","?","4,472,215",
"202605","85439090","品目8543所列其他设备及装置的零件","117","约旦","4515","千克","0","?","369,119",
"202605","85439090","品目8543所列其他设备及装置的零件","118","科威特","1998","千克","0","?","201,334",
"202605","85439090","品目8543所列其他设备及装置的零件","119","老挝","350","千克","0","?","3,402",
"202605","85439090","品目8543所列其他设备及装置的零件","120","黎巴嫩","28","千克","0","?","19,732",
"202605","85439090","品目8543所列其他设备及装置的零件","121","中国澳门","2032","千克","0","?","999,779",
"202605","85439090","品目8543所列其他设备及装置的零件","122","马来西亚","203945","千克","0","?","15,815,862",
"202605","85439090","品目8543所列其他设备及装置的零件","123","马尔代夫","2","千克","0","?","256",
"202605","85439090","品目8543所列其他设备及装置的零件","124","蒙古","1","千克","0","?","729",
"202605","85439090","品目8543所列其他设备及装置的零件","125","尼泊尔","9","千克","0","?","2,754",
"202605","85439090","品目8543所列其他设备及装置的零件","126","阿曼","492","千克","0","?","9,946",
"202605","85439090","品目8543所列其他设备及装置的零件","127","巴基斯坦","44298","千克","0","?","811,431",
"202605","85439090","品目8543所列其他设备及装置的零件","129","菲律宾","49993","千克","0","?","890,106",
"202605","85439090","品目8543所列其他设备及装置的零件","130","卡塔尔","177","千克","0","?","8,909",
"202605","85439090","品目8543所列其他设备及装置的零件","131","沙特阿拉伯","355048","千克","0","?","3,066,342",
"202605","85439090","品目8543所列其他设备及装置的零件","132","新加坡","35923","千克","0","?","999,276",
"202605","85439090","品目8543所列其他设备及装置的零件","133","韩国","92640","千克","0","?","6,829,911",
"202605","85439090","品目8543所列其他设备及装置的零件","134","斯里兰卡","500","千克","0","?","29,710",
"202605","85439090","品目8543所列其他设备及装置的零件","135","叙利亚","195","千克","0","?","1,920",
"202605","85439090","品目8543所列其他设备及装置的零件","136","泰国","136341","千克","0","?","3,997,751",
"202605","85439090","品目8543所列其他设备及装置的零件","137","土耳其","6754","千克","0","?","391,658",
"202605","85439090","品目8543所列其他设备及装置的零件","138","阿联酋","14363","千克","0","?","1,262,568",
"202605","85439090","品目8543所列其他设备及装置的零件","139","也门","6058","千克","0","?","127,322",
"202605","85439090","品目8543所列其他设备及装置的零件","141","越南","5223489","千克","0","?","26,122,636",
"202605","85439090","品目8543所列其他设备及装置的零件","143","中国台湾","133300","千克","0","?","6,689,642",
"202605","85439090","品目8543所列其他设备及装置的零件","145","哈萨克斯坦","10329","千克","0","?","71,885",
"202605","85439090","品目8543所列其他设备及装置的零件","146","吉尔吉斯斯坦","2033","千克","0","?","14,186",
"202605","85439090","品目8543所列其他设备及装置的零件","147","塔吉克斯坦","1042","千克","0","?","76,034",
"202605","85439090","品目8543所列其他设备及装置的零件","148","土库曼斯坦","113","千克","0","?","22,983",
"202605","85439090","品目8543所列其他设备及装置的零件","149","乌兹别克斯坦","114312","千克","0","?","815,539",
"202605","85439090","品目8543所列其他设备及装置的零件","150","格鲁吉亚","364","千克","0","?","58,081",
"202605","85439090","品目8543所列其他设备及装置的零件","151","亚美尼亚","64","千克","0","?","3,948",
"202605","85439090","品目8543所列其他设备及装置的零件","152","阿塞拜疆","187","千克","0","?","2,254",
"202605","85439090","品目8543所列其他设备及装置的零件","201","阿尔及利亚","772","千克","0","?","46,464",
"202605","85439090","品目8543所列其他设备及装置的零件","202","安哥拉","0","千克","0","?","100",
"202605","85439090","品目8543所列其他设备及装置的零件","206","喀麦隆","2658","千克","0","?","38,807",
"202605","85439090","品目8543所列其他设备及装置的零件","207","加那利群岛","3","千克","0","?","917",
"202605","85439090","品目8543所列其他设备及装置的零件","211","乍得","70","千克","0","?","25,432",
"202605","85439090","品目8543所列其他设备及装置的零件","214","吉布提","2","千克","0","?","55",
"202605","85439090","品目8543所列其他设备及装置的零件","215","埃及","13274","千克","0","?","445,855",
"202605","85439090","品目8543所列其他设备及装置的零件","217","埃塞俄比亚","440","千克","0","?","55,363",
"202605","85439090","品目8543所列其他设备及装置的零件","219","冈比亚","9","千克","0","?","2,515",
"202605","85439090","品目8543所列其他设备及装置的零件","220","加纳","6016","千克","0","?","38,152",
"202605","85439090","品目8543所列其他设备及装置的零件","221","几内亚","2509","千克","0","?","17,595",
"202605","85439090","品目8543所列其他设备及装置的零件","223","科特迪瓦","970","千克","0","?","8,346",
"202605","85439090","品目8543所列其他设备及装置的零件","224","肯尼亚","1374","千克","0","?","26,703",
"202605","85439090","品目8543所列其他设备及装置的零件","225","利比里亚","970","千克","0","?","156,257",
"202605","85439090","品目8543所列其他设备及装置的零件","226","利比亚","56","千克","0","?","5,256",
"202605","85439090","品目8543所列其他设备及装置的零件","227","马达加斯加","1","千克","0","?","9",
"202605","85439090","品目8543所列其他设备及装置的零件","230","毛里塔尼亚","5","千克","0","?","315",
"202605","85439090","品目8543所列其他设备及装置的零件","231","毛里求斯","32","千克","0","?","2,567",
"202605","85439090","品目8543所列其他设备及装置的零件","232","摩洛哥","6383","千克","0","?","88,852",
"202605","85439090","品目8543所列其他设备及装置的零件","233","莫桑比克","108","千克","0","?","693",
"202605","85439090","品目8543所列其他设备及装置的零件","234","纳米比亚","99071","千克","0","?","1,307,188",
"202605","85439090","品目8543所列其他设备及装置的零件","235","尼日尔","225","千克","0","?","4,767",
"202605","85439090","品目8543所列其他设备及装置的零件","236","尼日利亚","4483","千克","0","?","57,293",
"202605","85439090","品目8543所列其他设备及装置的零件","237","留尼汪","8","千克","0","?","357",
"202605","85439090","品目8543所列其他设备及装置的零件","238","卢旺达","10","千克","0","?","559",
"202605","85439090","品目8543所列其他设备及装置的零件","240","塞内加尔","22","千克","0","?","113",
"202605","85439090","品目8543所列其他设备及装置的零件","244","南非","23051","千克","0","?","494,738",
"202605","85439090","品目8543所列其他设备及装置的零件","247","坦桑尼亚","89","千克","0","?","1,268",
"202605","85439090","品目8543所列其他设备及装置的零件","249","突尼斯","13797","千克","0","?","113,924",
"202605","85439090","品目8543所列其他设备及装置的零件","250","乌干达","1","千克","0","?","72",
"202605","85439090","品目8543所列其他设备及装置的零件","252","刚果民主共和国","804148","千克","0","?","6,470,121",
"202605","85439090","品目8543所列其他设备及装置的零件","253","赞比亚","403200","千克","0","?","1,778,200",
"202605","85439090","品目8543所列其他设备及装置的零件","254","津巴布韦","549","千克","0","?","6,345",
"202605","85439090","品目8543所列其他设备及装置的零件","301","比利时","35439","千克","0","?","320,720",
"202605","85439090","品目8543所列其他设备及装置的零件","302","丹麦","2851","千克","0","?","372,680",
"202605","85439090","品目8543所列其他设备及装置的零件","303","英国","132524","千克","0","?","13,974,400",
"202605","85439090","品目8543所列其他设备及装置的零件","304","德国","92049","千克","0","?","8,700,676",
"202605","85439090","品目8543所列其他设备及装置的零件","305","法国","76520","千克","0","?","7,379,612",
"202605","85439090","品目8543所列其他设备及装置的零件","306","爱尔兰","2403","千克","0","?","209,462",
"202605","85439090","品目8543所列其他设备及装置的零件","307","意大利","30041","千克","0","?","1,381,699",
"202605","85439090","品目8543所列其他设备及装置的零件","309","荷兰","25552","千克","0","?","1,601,255",
"202605","85439090","品目8543所列其他设备及装置的零件","310","希腊","32279","千克","0","?","2,132,435",
"202605","85439090","品目8543所列其他设备及装置的零件","311","葡萄牙","2376","千克","0","?","74,722",
"202605","85439090","品目8543所列其他设备及装置的零件","312","西班牙","62649","千克","0","?","2,475,878",
"202605","85439090","品目8543所列其他设备及装置的零件","313","阿尔巴尼亚","8","千克","0","?","74",
"202605","85439090","品目8543所列其他设备及装置的零件","315","奥地利","7587","千克","0","?","662,132",
"202605","85439090","品目8543所列其他设备及装置的零件","316","保加利亚","4002","千克","0","?","389,337",
"202605","85439090","品目8543所列其他设备及装置的零件","318","芬兰","525","千克","0","?","150,392",
"202605","85439090","品目8543所列其他设备及装置的零件","321","匈牙利","80553","千克","0","?","2,502,358",
"202605","85439090","品目8543所列其他设备及装置的零件","322","冰岛","280","千克","0","?","54,944",
"202605","85439090","品目8543所列其他设备及装置的零件","324","马耳他","2301","千克","0","?","56,353",
"202605","85439090","品目8543所列其他设备及装置的零件","325","摩纳哥","0","千克","0","?","179",
"202605","85439090","品目8543所列其他设备及装置的零件","326","挪威","77813","千克","0","?","351,307",
"202605","85439090","品目8543所列其他设备及装置的零件","327","波兰","25848","千克","0","?","2,099,835",
"202605","85439090","品目8543所列其他设备及装置的零件","328","罗马尼亚","853","千克","0","?","128,616",
"202605","85439090","品目8543所列其他设备及装置的零件","329","圣马力诺","527","千克","0","?","44,307",
"202605","85439090","品目8543所列其他设备及装置的零件","330","瑞典","6107","千克","0","?","466,012",
"202605","85439090","品目8543所列其他设备及装置的零件","331","瑞士","3264","千克","0","?","337,477",
"202605","85439090","品目8543所列其他设备及装置的零件","334","爱沙尼亚","21","千克","0","?","1,564",
"202605","85439090","品目8543所列其他设备及装置的零件","335","拉脱维亚","202","千克","0","?","29,507",
"202605","85439090","品目8543所列其他设备及装置的零件","336","立陶宛","3291","千克","0","?","371,663",
"202605","85439090","品目8543所列其他设备及装置的零件","340","白俄罗斯","13720","千克","0","?","513,154",
"202605","85439090","品目8543所列其他设备及装置的零件","343","摩尔多瓦","1415","千克","0","?","174,312",
"202605","85439090","品目8543所列其他设备及装置的零件","344","俄罗斯","260414","千克","0","?","19,831,688",
"202605","85439090","品目8543所列其他设备及装置的零件","347","乌克兰","5640","千克","0","?","704,316",
"202605","85439090","品目8543所列其他设备及装置的零件","350","斯洛文尼亚","10293","千克","0","?","2,227,981",
"202605","85439090","品目8543所列其他设备及装置的零件","351","克罗地亚","5474","千克","0","?","344,918",
"202605","85439090","品目8543所列其他设备及装置的零件","352","捷克","8726","千克","0","?","584,723",
"202605","85439090","品目8543所列其他设备及装置的零件","353","斯洛伐克","55","千克","0","?","6,796",
"202605","85439090","品目8543所列其他设备及装置的零件","355","波斯尼亚和黑塞哥维那","7","千克","0","?","637",
"202605","85439090","品目8543所列其他设备及装置的零件","358","塞尔维亚","2876","千克","0","?","211,495",
"202605","85439090","品目8543所列其他设备及装置的零件","401","安提瓜和巴布达","50","千克","0","?","1,000",
"202605","85439090","品目8543所列其他设备及装置的零件","402","阿根廷","170423","千克","0","?","515,597",
"202605","85439090","品目8543所列其他设备及装置的零件","404","巴哈马","164","千克","0","?","62,619",
"202605","85439090","品目8543所列其他设备及装置的零件","405","巴巴多斯","1","千克","0","?","56",
"202605","85439090","品目8543所列其他设备及装置的零件","408","玻利维亚
","183","千克","0","?","8,525",
"202605","85439090","品目8543所列其他设备及装置的零件","410","巴西","22234","千克","0","?","1,116,372",
"202605","85439090","品目8543所列其他设备及装置的零件","412","智利","11545","千克","0","?","150,062",
"202605","85439090","品目8543所列其他设备及装置的零件","413","哥伦比亚","1176","千克","0","?","92,076",
"202605","85439090","品目8543所列其他设备及装置的零件","415","哥斯达黎加","31","千克","0","?","614",
"202605","85439090","品目8543所列其他设备及装置的零件","417","库拉索
","2","千克","0","?","350",
"202605","85439090","品目8543所列其他设备及装置的零件","418","多米尼加
","1767","千克","0","?","165,056",
"202605","85439090","品目8543所列其他设备及装置的零件","419","厄瓜多尔","3898","千克","0","?","113,964",
"202605","85439090","品目8543所列其他设备及装置的零件","423","危地马拉","806","千克","0","?","27,989",
"202605","85439090","品目8543所列其他设备及装置的零件","424","圭亚那","1160","千克","0","?","2,365",
"202605","85439090","品目8543所列其他设备及装置的零件","426","洪都拉斯","142","千克","0","?","2,782",
"202605","85439090","品目8543所列其他设备及装置的零件","427","牙买加","25","千克","0","?","3,305",
"202605","85439090","品目8543所列其他设备及装置的零件","429","墨西哥","56255","千克","0","?","2,434,138",
"202605","85439090","品目8543所列其他设备及装置的零件","432","巴拿马","2118","千克","0","?","54,991",
"202605","85439090","品目8543所列其他设备及装置的零件","433","巴拉圭","3796","千克","0","?","261,642",
"202605","85439090","品目8543所列其他设备及装置的零件","434","秘鲁","19421","千克","0","?","74,798",
"202605","85439090","品目8543所列其他设备及装置的零件","435","波多黎各","22","千克","0","?","13,838",
"202605","85439090","品目8543所列其他设备及装置的零件","440","萨尔瓦多","254","千克","0","?","4,248",
"202605","85439090","品目8543所列其他设备及装置的零件","442","特立尼达和多巴哥","62","千克","0","?","10,888",
"202605","85439090","品目8543所列其他设备及装置的零件","444","乌拉圭","55","千克","0","?","3,265",
"202605","85439090","品目8543所列其他设备及装置的零件","445","委内瑞拉","25","千克","0","?","1,529",
"202605","85439090","品目8543所列其他设备及装置的零件","501","加拿大","780452","千克","0","?","11,471,501",
"202605","85439090","品目8543所列其他设备及装置的零件","502","美国","969314","千克","0","?","36,443,365",
"202605","85439090","品目8543所列其他设备及装置的零件","504","百慕大","169","千克","0","?","25,254",
"202605","85439090","品目8543所列其他设备及装置的零件","601","澳大利亚","30950","千克","0","?","789,319",
"202605","85439090","品目8543所列其他设备及装置的零件","609","新西兰","16366","千克","0","?","606,613",
"202605","85439090","品目8543所列其他设备及装置的零件","611","巴布亚新几内亚","28","千克","0","?","480",
"202605","85439090","品目8543所列其他设备及装置的零件","613","所罗门群岛","106","千克","0","?","1,634",
"202605","85439090","品目8543所列其他设备及装置的零件","621","马绍尔群岛","1257","千克","0","?","231,273",
"202606","24041200","其他含尼古丁的非经燃烧吸用的产品","102","巴林","4571","千克","0","?","213,090",
"202606","24041200","其他含尼古丁的非经燃烧吸用的产品","108","塞浦路斯","10517","千克","0","?","516,466",
"202606","24041200","其他含尼古丁的非经燃烧吸用的产品","110","中国香港","6","千克","0","?","179",
"202606","24041200","其他含尼古丁的非经燃烧吸用的产品","112","印度尼西亚","342090","千克","0","?","11,776,402",
"202606","24041200","其他含尼古丁的非经燃烧吸用的产品","114","伊拉克","10544","千克","0","?","226,966",
"202606","24041200","其他含尼古丁的非经燃烧吸用的产品","115","以色列","4084","千克","0","?","141,302",
"202606","24041200","其他含尼古丁的非经燃烧吸用的产品","116","日本","1390","千克","0","?","56,524",
"202606","24041200","其他含尼古丁的非经燃烧吸用的产品","117","约旦","1712","千克","0","?","59,669",
"202606","24041200","其他含尼古丁的非经燃烧吸用的产品","118","科威特","179179","千克","0","?","8,442,391",
"202606","24041200","其他含尼古丁的非经燃烧吸用的产品","119","老挝","3640","千克","0","?","82,140",
"202606","24041200","其他含尼古丁的非经燃烧吸用的产品","120","黎巴嫩","3883","千克","0","?","151,011",
"202606","24041200","其他含尼古丁的非经燃烧吸用的产品","122","马来西亚","605143","千克","0","?","24,042,322",
"202606","24041200","其他含尼古丁的非经燃烧吸用的产品","124","蒙古","53092","千克","0","?","2,255,244",
"202606","24041200","其他含尼古丁的非经燃烧吸用的产品","125","尼泊尔","11474","千克","0","?","465,994",
"202606","24041200","其他含尼古丁的非经燃烧吸用的产品","126","阿曼","486","千克","0","?","19,630",
"202606","24041200","其他含尼古丁的非经燃烧吸用的产品","127","巴基斯坦","54261","千克","0","?","1,957,511",
"202606","24041200","其他含尼古丁的非经燃烧吸用的产品","129","菲律宾","94035","千克","0","?","3,211,836",
"202606","24041200","其他含尼古丁的非经燃烧吸用的产品","130","卡塔尔","154","千克","0","?","5,400",
"202606","24041200","其他含尼古丁的非经燃烧吸用的产品","131","沙特阿拉伯","158593","千克","0","?","5,622,207",
"202606","24041200","其他含尼古丁的非经燃烧吸用的产品","133","韩国","824904","千克","0","?","28,915,658",
"202606","24041200","其他含尼古丁的非经燃烧吸用的产品","137","土耳其","255","千克","0","?","2,040",
"202606","24041200","其他含尼古丁的非经燃烧吸用的产品","138","阿联酋","1194744","千克","0","?","39,149,768",
"202606","24041200","其他含尼古丁的非经燃烧吸用的产品","139","也门","5200","千克","0","?","218,926",
"202606","24041200","其他含尼古丁的非经燃烧吸用的产品","141","越南","446","千克","0","?","7,999",
"202606","24041200","其他含尼古丁的非经燃烧吸用的产品","147","塔吉克斯坦","13057","千克","0","?","136,952",
"202606","24041200","其他含尼古丁的非经燃烧吸用的产品","150","格鲁吉亚","43857","千克","0","?","1,246,038",
"202606","24041200","其他含尼古丁的非经燃烧吸用的产品","151","亚美尼亚","3372","千克","0","?","108,418",
"202606","24041200","其他含尼古丁的非经燃烧吸用的产品","152","阿塞拜疆","4282","千克","0","?","142,091",
"202606","24041200","其他含尼古丁的非经燃烧吸用的产品","204","博茨瓦纳","2611","千克","0","?","95,065",
"202606","24041200","其他含尼古丁的非经燃烧吸用的产品","207","加那利群岛","3","千克","0","?","127",
"202606","24041200","其他含尼古丁的非经燃烧吸用的产品","213","刚果共和国","16","千克","0","?","305",
"202606","24041200","其他含尼古丁的非经燃烧吸用的产品","214","吉布提","2034","千克","0","?","94,273",
"202606","24041200","其他含尼古丁的非经燃烧吸用的产品","215","埃及","27596","千克","0","?","1,067,174",
"202606","24041200","其他含尼古丁的非经燃烧吸用的产品","223","科特迪瓦","420","千克","0","?","6,605",
"202606","24041200","其他含尼古丁的非经燃烧吸用的产品","224","肯尼亚","1420","千克","0","?","51,518",
"202606","24041200","其他含尼古丁的非经燃烧吸用的产品","227","马达加斯加","155","千克","0","?","5,364",
"202606","24041200","其他含尼古丁的非经燃烧吸用的产品","230","毛里塔尼亚","478","千克","0","?","15,676",
"202606","24041200","其他含尼古丁的非经燃烧吸用的产品","232","摩洛哥","218329","千克","0","?","6,034,526",
"202606","24041200","其他含尼古丁的非经燃烧吸用的产品","236","尼日利亚","10902","千克","0","?","262,204",
"202606","24041200","其他含尼古丁的非经燃烧吸用的产品","237","留尼汪","307","千克","0","?","13,735",
"202606","24041200","其他含尼古丁的非经燃烧吸用的产品","240","塞内加尔","1076","千克","0","?","48,758",
"202606","24041200","其他含尼古丁的非经燃烧吸用的产品","244","南非","131883","千克","0","?","5,062,894",
"202606","24041200","其他含尼古丁的非经燃烧吸用的产品","247","坦桑尼亚","454","千克","0","?","20,717",
"202606","24041200","其他含尼古丁的非经燃烧吸用的产品","249","突尼斯","90","千克","0","?","7,840",
"202606","24041200","其他含尼古丁的非经燃烧吸用的产品","251","布基纳法索","874","千克","0","?","13,482",
"202606","24041200","其他含尼古丁的非经燃烧吸用的产品","253","赞比亚","2528","千克","0","?","79,166",
"202606","24041200","其他含尼古丁的非经燃烧吸用的产品","254","津巴布韦","2467","千克","0","?","94,244",
"202606","24041200","其他含尼古丁的非经燃烧吸用的产品","301","比利时","49815","千克","0","?","3,502,143",
"202606","24041200","其他含尼古丁的非经燃烧吸用的产品","302","丹麦","1728","千克","0","?","102,080",
"202606","24041200","其他含尼古丁的非经燃烧吸用的产品","303","英国","1936117","千克","0","?","62,675,278",
"202606","24041200","其他含尼古丁的非经燃烧吸用的产品","304","德国","559133","千克","0","?","25,224,259",
"202606","24041200","其他含尼古丁的非经燃烧吸用的产品","305","法国","108648","千克","0","?","3,930,140",
"202606","24041200","其他含尼古丁的非经燃烧吸用的产品","306","爱尔兰","49774","千克","0","?","1,860,297",
"202606","24041200","其他含尼古丁的非经燃烧吸用的产品","307","意大利","82572","千克","0","?","3,568,626",
"202606","24041200","其他含尼古丁的非经燃烧吸用的产品","308","卢森堡","37956","千克","0","?","901,699",
"202606","24041200","其他含尼古丁的非经燃烧吸用的产品","309","荷兰","217318","千克","0","?","7,333,206",
"202606","24041200","其他含尼古丁的非经燃烧吸用的产品","310","希腊","46240","千克","0","?","3,485,805",
"202606","24041200","其他含尼古丁的非经燃烧吸用的产品","311","葡萄牙","4568","千克","0","?","156,691",
"202606","24041200","其他含尼古丁的非经燃烧吸用的产品","312","西班牙","149170","千克","0","?","5,215,092",
"202606","24041200","其他含尼古丁的非经燃烧吸用的产品","313","阿尔巴尼亚","16103","千克","0","?","584,497",
"202606","24041200","其他含尼古丁的非经燃烧吸用的产品","315","奥地利","36104","千克","0","?","1,553,308",
"202606","24041200","其他含尼古丁的非经燃烧吸用的产品","316","保加利亚","16394","千克","0","?","1,221,872",
"202606","24041200","其他含尼古丁的非经燃烧吸用的产品","318","芬兰","11245","千克","0","?","400,448",
"202606","24041200","其他含尼古丁的非经燃烧吸用的产品","321","匈牙利","1099","千克","0","?","12,442",
"202606","24041200","其他含尼古丁的非经燃烧吸用的产品","322","冰岛","8850","千克","0","?","309,002",
"202606","24041200","其他含尼古丁的非经燃烧吸用的产品","324","马耳他","7668","千克","0","?","304,783",
"202606","24041200","其他含尼古丁的非经燃烧吸用的产品","325","摩纳哥","1789","千克","0","?","26,391",
"202606","24041200","其他含尼古丁的非经燃烧吸用的产品","326","挪威","230","千克","0","?","4,560",
"202606","24041200","其他含尼古丁的非经燃烧吸用的产品","327","波兰","106031","千克","0","?","3,314,954",
"202606","24041200","其他含尼古丁的非经燃烧吸用的产品","328","罗马尼亚","30505","千克","0","?","2,009,815",
"202606","24041200","其他含尼古丁的非经燃烧吸用的产品","329","圣马力诺","2401","千克","0","?","88,354",
"202606","24041200","其他含尼古丁的非经燃烧吸用的产品","330","瑞典","64633","千克","0","?","2,348,326",
"202606","24041200","其他含尼古丁的非经燃烧吸用的产品","331","瑞士","37458","千克","0","?","1,911,804",
"202606","24041200","其他含尼古丁的非经燃烧吸用的产品","334","爱沙尼亚","14790","千克","0","?","754,266",
"202606","24041200","其他含尼古丁的非经燃烧吸用的产品","335","拉脱维亚","25075","千克","0","?","1,213,898",
"202606","24041200","其他含尼古丁的非经燃烧吸用的产品","336","立陶宛","55186","千克","0","?","1,701,014",
"202606","24041200","其他含尼古丁的非经燃烧吸用的产品","340","白俄罗斯","7642","千克","0","?","426,794",
"202606","24041200","其他含尼古丁的非经燃烧吸用的产品","343","摩尔多瓦","133405","千克","0","?","3,878,500",
"202606","24041200","其他含尼古丁的非经燃烧吸用的产品","344","俄罗斯","514888","千克","0","?","20,257,217",
"202606","24041200","其他含尼古丁的非经燃烧吸用的产品","350","斯洛文尼亚","5309","千克","0","?","223,956",
"202606","24041200","其他含尼古丁的非经燃烧吸用的产品","351","克罗地亚","240128","千克","0","?","14,667,890",
"202606","24041200","其他含尼古丁的非经燃烧吸用的产品","352","捷克","56726","千克","0","?","2,445,862",
"202606","24041200","其他含尼古丁的非经燃烧吸用的产品","353","斯洛伐克","16159","千克","0","?","816,748",
"202606","24041200","其他含尼古丁的非经燃烧吸用的产品","354","北马其顿","337","千克","0","?","16,057",
"202606","24041200","其他含尼古丁的非经燃烧吸用的产品","355","波斯尼亚和黑塞哥维那","1110","千克","0","?","55,610",
"202606","24041200","其他含尼古丁的非经燃烧吸用的产品","358","塞尔维亚","23564","千克","0","?","696,434",
"202606","24041200","其他含尼古丁的非经燃烧吸用的产品","404","巴哈马","534","千克","0","?","23,151",
"202606","24041200","其他含尼古丁的非经燃烧吸用的产品","408","玻利维亚
","460","千克","0","?","4,206",
"202606","24041200","其他含尼古丁的非经燃烧吸用的产品","411","开曼群岛","81","千克","0","?","4,753",
"202606","24041200","其他含尼古丁的非经燃烧吸用的产品","412","智利","43055","千克","0","?","1,529,059",
"202606","24041200","其他含尼古丁的非经燃烧吸用的产品","413","哥伦比亚","59684","千克","0","?","2,609,753",
"202606","24041200","其他含尼古丁的非经燃烧吸用的产品","415","哥斯达黎加","11245","千克","0","?","419,246",
"202606","24041200","其他含尼古丁的非经燃烧吸用的产品","418","多米尼加
","57986","千克","0","?","1,156,923",
"202606","24041200","其他含尼古丁的非经燃烧吸用的产品","419","厄瓜多尔","14979","千克","0","?","577,611",
"202606","24041200","其他含尼古丁的非经燃烧吸用的产品","423","危地马拉","6413","千克","0","?","284,350",
"202606","24041200","其他含尼古丁的非经燃烧吸用的产品","424","圭亚那","4765","千克","0","?","197,700",
"202606","24041200","其他含尼古丁的非经燃烧吸用的产品","426","洪都拉斯","2380","千克","0","?","105,718",
"202606","24041200","其他含尼古丁的非经燃烧吸用的产品","427","牙买加","1935","千克","0","?","73,572",
"202606","24041200","其他含尼古丁的非经燃烧吸用的产品","432","巴拿马","28204","千克","0","?","1,129,821",
"202606","24041200","其他含尼古丁的非经燃烧吸用的产品","433","巴拉圭","333033","千克","0","?","14,113,975",
"202606","24041200","其他含尼古丁的非经燃烧吸用的产品","434","秘鲁","11651","千克","0","?","327,227",
"202606","24041200","其他含尼古丁的非经燃烧吸用的产品","440","萨尔瓦多","1471","千克","0","?","62,467",
"202606","24041200","其他含尼古丁的非经燃烧吸用的产品","444","乌拉圭","102171","千克","0","?","4,231,520",
"202606","24041200","其他含尼古丁的非经燃烧吸用的产品","501","加拿大","578270","千克","0","?","19,905,802",
"202606","24041200","其他含尼古丁的非经燃烧吸用的产品","502","美国","6086360","千克","0","?","241,827,809",
"202606","24041200","其他含尼古丁的非经燃烧吸用的产品","601","澳大利亚","8961","千克","0","?","444,893",
"202606","24041200","其他含尼古丁的非经燃烧吸用的产品","607","新喀里多尼亚","1593","千克","0","?","50,440",
"202606","24041200","其他含尼古丁的非经燃烧吸用的产品","609","新西兰","70944","千克","0","?","2,811,630",
"202606","24041200","其他含尼古丁的非经燃烧吸用的产品","623","法属波利尼西亚","2822","千克","0","?","125,090",
"202606","24041200","其他含尼古丁的非经燃烧吸用的产品","629","关岛
","3204","千克","0","?","114,980",
"202606","24041200","其他含尼古丁的非经燃烧吸用的产品","631","北马里亚纳群岛
","819","千克","0","?","14,485",
"202606","24041990","其他含尼古丁代用品的非经燃烧吸用的产品","108","塞浦路斯","134","千克","0","?","4,160",
"202606","24041990","其他含尼古丁代用品的非经燃烧吸用的产品","112","印度尼西亚","1864","千克","0","?","52,022",
"202606","24041990","其他含尼古丁代用品的非经燃烧吸用的产品","115","以色列","3211","千克","0","?","31,019",
"202606","24041990","其他含尼古丁代用品的非经燃烧吸用的产品","116","日本","88864","千克","0","?","3,783,858",
"202606","24041990","其他含尼古丁代用品的非经燃烧吸用的产品","117","约旦","28","千克","0","?","1,600",
"202606","24041990","其他含尼古丁代用品的非经燃烧吸用的产品","122","马来西亚","3202","千克","0","?","68,805",
"202606","24041990","其他含尼古丁代用品的非经燃烧吸用的产品","126","阿曼","28","千克","0","?","1,600",
"202606","24041990","其他含尼古丁代用品的非经燃烧吸用的产品","131","沙特阿拉伯","382","千克","0","?","15,730",
"202606","24041990","其他含尼古丁代用品的非经燃烧吸用的产品","133","韩国","39409","千克","0","?","1,045,854",
"202606","24041990","其他含尼古丁代用品的非经燃烧吸用的产品","138","阿联酋","1031","千克","0","?","60,366",
"202606","24041990","其他含尼古丁代用品的非经燃烧吸用的产品","150","格鲁吉亚","202","千克","0","?","14,071",
"202606","24041990","其他含尼古丁代用品的非经燃烧吸用的产品","151","亚美尼亚","5","千克","0","?","55",
"202606","24041990","其他含尼古丁代用品的非经燃烧吸用的产品","215","埃及","28","千克","0","?","1,600",
"202606","24041990","其他含尼古丁代用品的非经燃烧吸用的产品","226","利比亚","12500","千克","0","?","33,000",
"202606","24041990","其他含尼古丁代用品的非经燃烧吸用的产品","232","摩洛哥","448","千克","0","?","57,370",
"202606","24041990","其他含尼古丁代用品的非经燃烧吸用的产品","244","南非","126","千克","0","?","4,726",
"202606","24041990","其他含尼古丁代用品的非经燃烧吸用的产品","301","比利时","1420","千克","0","?","104,010",
"202606","24041990","其他含尼古丁代用品的非经燃烧吸用的产品","303","英国","10444","千克","0","?","268,121",
"202606","24041990","其他含尼古丁代用品的非经燃烧吸用的产品","304","德国","13989","千克","0","?","493,070",
"202606","24041990","其他含尼古丁代用品的非经燃烧吸用的产品","305","法国","3421","千克","0","?","163,289",
"202606","24041990","其他含尼古丁代用品的非经燃烧吸用的产品","307","意大利","3127","千克","0","?","124,420",
"202606","24041990","其他含尼古丁代用品的非经燃烧吸用的产品","309","荷兰","5277","千克","0","?","196,114",
"202606","24041990","其他含尼古丁代用品的非经燃烧吸用的产品","310","希腊","385","千克","0","?","18,763",
"202606","24041990","其他含尼古丁代用品的非经燃烧吸用的产品","311","葡萄牙","4","千克","0","?","106",
"202606","24041990","其他含尼古丁代用品的非经燃烧吸用的产品","312","西班牙","7034","千克","0","?","482,634",
"202606","24041990","其他含尼古丁代用品的非经燃烧吸用的产品","313","阿尔巴尼亚","460","千克","0","?","16,396",
"202606","24041990","其他含尼古丁代用品的非经燃烧吸用的产品","315","奥地利","400","千克","0","?","17,024",
"202606","24041990","其他含尼古丁代用品的非经燃烧吸用的产品","316","保加利亚","151","千克","0","?","23,838",
"202606","24041990","其他含尼古丁代用品的非经燃烧吸用的产品","318","芬兰","22","千克","0","?","759",
"202606","24041990","其他含尼古丁代用品的非经燃烧吸用的产品","321","匈牙利","112","千克","0","?","7,366",
"202606","24041990","其他含尼古丁代用品的非经燃烧吸用的产品","322","冰岛","179","千克","0","?","6,795",
"202606","24041990","其他含尼古丁代用品的非经燃烧吸用的产品","324","马耳他","82","千克","0","?","4,565",
"202606","24041990","其他含尼古丁代用品的非经燃烧吸用的产品","327","波兰","1383","千克","0","?","50,396",
"202606","24041990","其他含尼古丁代用品的非经燃烧吸用的产品","328","罗马尼亚","1086","千克","0","?","44,184",
"202606","24041990","其他含尼古丁代用品的非经燃烧吸用的产品","330","瑞典","546","千克","0","?","22,094",
"202606","24041990","其他含尼古丁代用品的非经燃烧吸用的产品","331","瑞士","1643","千克","0","?","75,072",
"202606","24041990","其他含尼古丁代用品的非经燃烧吸用的产品","334","爱沙尼亚","110","千克","0","?","4,001",
"202606","24041990","其他含尼古丁代用品的非经燃烧吸用的产品","335","拉脱维亚","2006","千克","0","?","87,196",
"202606","24041990","其他含尼古丁代用品的非经燃烧吸用的产品","344","俄罗斯","15579","千克","0","?","646,328",
"202606","24041990","其他含尼古丁代用品的非经燃烧吸用的产品","347","乌克兰","4234","千克","0","?","60,000",
"202606","24041990","其他含尼古丁代用品的非经燃烧吸用的产品","351","克罗地亚","10580","千克","0","?","659,364",
"202606","24041990","其他含尼古丁代用品的非经燃烧吸用的产品","352","捷克","130","千克","0","?","13,222",
"202606","24041990","其他含尼古丁代用品的非经燃烧吸用的产品","353","斯洛伐克","387","千克","0","?","10,738",
"202606","24041990","其他含尼古丁代用品的非经燃烧吸用的产品","358","塞尔维亚","132","千克","0","?","4,800",
"202606","24041990","其他含尼古丁代用品的非经燃烧吸用的产品","419","厄瓜多尔","3859","千克","0","?","131,120",
"202606","24041990","其他含尼古丁代用品的非经燃烧吸用的产品","433","巴拉圭","85","千克","0","?","3,485",
"202606","24041990","其他含尼古丁代用品的非经燃烧吸用的产品","501","加拿大","27975","千克","0","?","1,121,324",
"202606","24041990","其他含尼古丁代用品的非经燃烧吸用的产品","502","美国","269477","千克","0","?","14,285,238",
"202606","24041990","其他含尼古丁代用品的非经燃烧吸用的产品","601","澳大利亚","158","千克","0","?","2,219",
"202606","24041990","其他含尼古丁代用品的非经燃烧吸用的产品","609","新西兰","616","千克","0","?","23,970",
"202606","85434000","电子烟及类似的个人电子雾化设备","102","巴林","8482","台","502","千克","50,429",
"202606","85434000","电子烟及类似的个人电子雾化设备","108","塞浦路斯","71300","台","5973","千克","246,691",
"202606","85434000","电子烟及类似的个人电子雾化设备","110","中国香港","54","台","9","千克","108",
"202606","85434000","电子烟及类似的个人电子雾化设备","112","印度尼西亚","2003583","台","196332","千克","10,314,894",
"202606","85434000","电子烟及类似的个人电子雾化设备","114","伊拉克","33630","台","4989","千克","212,789",
"202606","85434000","电子烟及类似的个人电子雾化设备","115","以色列","149241","台","13296","千克","810,890",
"202606","85434000","电子烟及类似的个人电子雾化设备","116","日本","673340","台","106899","千克","18,588,488",
"202606","85434000","电子烟及类似的个人电子雾化设备","117","约旦","2581","台","332","千克","30,508",
"202606","85434000","电子烟及类似的个人电子雾化设备","118","科威特","88899","台","8015","千克","627,834",
"202606","85434000","电子烟及类似的个人电子雾化设备","120","黎巴嫩","1200","台","37","千克","2,892",
"202606","85434000","电子烟及类似的个人电子雾化设备","122","马来西亚","1484559","台","96062","千克","5,157,057",
"202606","85434000","电子烟及类似的个人电子雾化设备","124","蒙古","103552","台","8216","千克","385,903",
"202606","85434000","电子烟及类似的个人电子雾化设备","127","巴基斯坦","313539","台","13917","千克","783,015",
"202606","85434000","电子烟及类似的个人电子雾化设备","128","巴勒斯坦","20553","台","1722","千克","99,788",
"202606","85434000","电子烟及类似的个人电子雾化设备","129","菲律宾","43300","台","5055","千克","651,120",
"202606","85434000","电子烟及类似的个人电子雾化设备","131","沙特阿拉伯","48610","台","7449","千克","666,970",
"202606","85434000","电子烟及类似的个人电子雾化设备","133","韩国","426110","台","50770","千克","5,371,520",
"202606","85434000","电子烟及类似的个人电子雾化设备","136","泰国","88","台","15","千克","525",
"202606","85434000","电子烟及类似的个人电子雾化设备","137","土耳其","15480","台","4175","千克","618,641",
"202606","85434000","电子烟及类似的个人电子雾化设备","138","阿联酋","424066","台","37173","千克","1,812,540",
"202606","85434000","电子烟及类似的个人电子雾化设备","145","哈萨克斯坦","26940","台","4477","千克","1,021,578",
"202606","85434000","电子烟及类似的个人电子雾化设备","146","吉尔吉斯斯坦","7320","台","1837","千克","187,948",
"202606","85434000","电子烟及类似的个人电子雾化设备","147","塔吉克斯坦","700","台","178","千克","13,723",
"202606","85434000","电子烟及类似的个人电子雾化设备","150","格鲁吉亚","10901","台","1779","千克","239,548",
"202606","85434000","电子烟及类似的个人电子雾化设备","151","亚美尼亚","2950","台","614","千克","70,728",
"202606","85434000","电子烟及类似的个人电子雾化设备","152","阿塞拜疆","4710","台","1028","千克","108,242",
"202606","85434000","电子烟及类似的个人电子雾化设备","213","刚果共和国","200","台","23","千克","739",
"202606","85434000","电子烟及类似的个人电子雾化设备","215","埃及","62513","台","9656","千克","922,317",
"202606","85434000","电子烟及类似的个人电子雾化设备","224","肯尼亚","4000","台","404","千克","29,216",
"202606","85434000","电子烟及类似的个人电子雾化设备","227","马达加斯加","300","台","34","千克","1,200",
"202606","85434000","电子烟及类似的个人电子雾化设备","232","摩洛哥","34529","台","4581","千克","368,883",
"202606","85434000","电子烟及类似的个人电子雾化设备","236","尼日利亚","6537","台","1400","千克","30,530",
"202606","85434000","电子烟及类似的个人电子雾化设备","244","南非","421412","台","25080","千克","1,302,663",
"202606","85434000","电子烟及类似的个人电子雾化设备","249","突尼斯","8430","台","2123","千克","251,508",
"202606","85434000","电子烟及类似的个人电子雾化设备","253","赞比亚","47232","台","700","千克","22,992",
"202606","85434000","电子烟及类似的个人电子雾化设备","254","津巴布韦","15200","台","1870","千克","88,160",
"202606","85434000","电子烟及类似的个人电子雾化设备","301","比利时","4800","台","321","千克","18,553",
"202606","85434000","电子烟及类似的个人电子雾化设备","302","丹麦","7878","台","940","千克","83,462",
"202606","85434000","电子烟及类似的个人电子雾化设备","303","英国","22084428","台","1720775","千克","61,573,101",
"202606","85434000","电子烟及类似的个人电子雾化设备","304","德国","2020690","台","125089","千克","12,827,885",
"202606","85434000","电子烟及类似的个人电子雾化设备","305","法国","1803575","台","180285","千克","9,573,372",
"202606","85434000","电子烟及类似的个人电子雾化设备","306","爱尔兰","425237","台","38828","千克","1,415,243",
"202606","85434000","电子烟及类似的个人电子雾化设备","307","意大利","629347","台","46551","千克","3,327,122",
"202606","85434000","电子烟及类似的个人电子雾化设备","309","荷兰","388748","台","38054","千克","1,824,227",
"202606","85434000","电子烟及类似的个人电子雾化设备","310","希腊","266421","台","14480","千克","2,725,934",
"202606","85434000","电子烟及类似的个人电子雾化设备","311","葡萄牙","505","台","28","千克","2,749",
"202606","85434000","电子烟及类似的个人电子雾化设备","312","西班牙","335241","台","18819","千克","2,268,536",
"202606","85434000","电子烟及类似的个人电子雾化设备","313","阿尔巴尼亚","5000","台","154","千克","6,006",
"202606","85434000","电子烟及类似的个人电子雾化设备","314","安道尔","1014","台","102","千克","11,055",
"202606","85434000","电子烟及类似的个人电子雾化设备","315","奥地利","192224","台","9733","千克","462,081",
"202606","85434000","电子烟及类似的个人电子雾化设备","316","保加利亚","209590","台","12665","千克","856,114",
"202606","85434000","电子烟及类似的个人电子雾化设备","321","匈牙利","6157","台","1559","千克","235,562",
"202606","85434000","电子烟及类似的个人电子雾化设备","322","冰岛","1100","台","72","千克","10,140",
"202606","85434000","电子烟及类似的个人电子雾化设备","324","马耳他","7951","台","1182","千克","135,505",
"202606","85434000","电子烟及类似的个人电子雾化设备","326","挪威","271","台","50","千克","3,946",
"202606","85434000","电子烟及类似的个人电子雾化设备","327","波兰","170820","台","12166","千克","1,943,292",
"202606","85434000","电子烟及类似的个人电子雾化设备","328","罗马尼亚","137793","台","7546","千克","1,556,267",
"202606","85434000","电子烟及类似的个人电子雾化设备","329","圣马力诺","2906","台","204","千克","15,278",
"202606","85434000","电子烟及类似的个人电子雾化设备","330","瑞典","16848","台","1136","千克","67,314",
"202606","85434000","电子烟及类似的个人电子雾化设备","331","瑞士","351667","台","13145","千克","874,116",
"202606","85434000","电子烟及类似的个人电子雾化设备","334","爱沙尼亚","900","台","93","千克","11,854",
"202606","85434000","电子烟及类似的个人电子雾化设备","335","拉脱维亚","1230","台","79","千克","6,150",
"202606","85434000","电子烟及类似的个人电子雾化设备","336","立陶宛","62984","台","6293","千克","452,142",
"202606","85434000","电子烟及类似的个人电子雾化设备","340","白俄罗斯","75785","台","6109","千克","691,188",
"202606","85434000","电子烟及类似的个人电子雾化设备","343","摩尔多瓦","7573","台","443","千克","28,779",
"202606","85434000","电子烟及类似的个人电子雾化设备","344","俄罗斯","1031857","台","82434","千克","11,974,698",
"202606","85434000","电子烟及类似的个人电子雾化设备","347","乌克兰","134015","台","10216","千克","1,221,366",
"202606","85434000","电子烟及类似的个人电子雾化设备","350","斯洛文尼亚","19430","台","1875","千克","226,404",
"202606","85434000","电子烟及类似的个人电子雾化设备","351","克罗地亚","645725","台","32540","千克","5,323,547",
"202606","85434000","电子烟及类似的个人电子雾化设备","352","捷克","426038","台","17858","千克","1,295,218",
"202606","85434000","电子烟及类似的个人电子雾化设备","353","斯洛伐克","140292","台","40060","千克","5,769,229",
"202606","85434000","电子烟及类似的个人电子雾化设备","355","波斯尼亚和黑塞哥维那","64825","台","4349","千克","227,556",
"202606","85434000","电子烟及类似的个人电子雾化设备","358","塞尔维亚","40590","台","2766","千克","339,136",
"202606","85434000","电子烟及类似的个人电子雾化设备","408","玻利维亚
","106","台","11","千克","1,065",
"202606","85434000","电子烟及类似的个人电子雾化设备","411","开曼群岛","1000","台","85","千克","6,134",
"202606","85434000","电子烟及类似的个人电子雾化设备","412","智利","73375","台","4130","千克","287,809",
"202606","85434000","电子烟及类似的个人电子雾化设备","413","哥伦比亚","27440","台","5984","千克","843,949",
"202606","85434000","电子烟及类似的个人电子雾化设备","415","哥斯达黎加","3000","台","443","千克","18,270",
"202606","85434000","电子烟及类似的个人电子雾化设备","418","多米尼加
","30000","台","1107","千克","72,419",
"202606","85434000","电子烟及类似的个人电子雾化设备","419","厄瓜多尔","16315","台","1861","千克","133,218",
"202606","85434000","电子烟及类似的个人电子雾化设备","423","危地马拉","3416","台","146","千克","15,459",
"202606","85434000","电子烟及类似的个人电子雾化设备","424","圭亚那","200","台","11","千克","680",
"202606","85434000","电子烟及类似的个人电子雾化设备","429","墨西哥","30300","台","8148","千克","1,197,284",
"202606","85434000","电子烟及类似的个人电子雾化设备","432","巴拿马","3500","台","114","千克","8,346",
"202606","85434000","电子烟及类似的个人电子雾化设备","433","巴拉圭","146075","台","12200","千克","587,883",
"202606","85434000","电子烟及类似的个人电子雾化设备","434","秘鲁","20070","台","1406","千克","36,985",
"202606","85434000","电子烟及类似的个人电子雾化设备","435","波多黎各","5020","台","108","千克","11,295",
"202606","85434000","电子烟及类似的个人电子雾化设备","444","乌拉圭","14420","台","851","千克","50,470",
"202606","85434000","电子烟及类似的个人电子雾化设备","501","加拿大","1666681","台","67919","千克","4,322,119",
"202606","85434000","电子烟及类似的个人电子雾化设备","502","美国","21205920","台","823020","千克","54,244,928",
"202606","85434000","电子烟及类似的个人电子雾化设备","601","澳大利亚","8861","台","1245","千克","94,574",
"202606","85434000","电子烟及类似的个人电子雾化设备","607","新喀里多尼亚","8400","台","509","千克","21,202",
"202606","85434000","电子烟及类似的个人电子雾化设备","609","新西兰","461981","台","32084","千克","1,897,749",
"202606","85434000","电子烟及类似的个人电子雾化设备","623","法属波利尼西亚","5500","台","625","千克","24,750",
"202606","85434000","电子烟及类似的个人电子雾化设备","629","关岛
","140","台","39","千克","2,415",
"202606","85439090","品目8543所列其他设备及装置的零件","102","巴林","406","千克","0","?","54,359",
"202606","85439090","品目8543所列其他设备及装置的零件","103","孟加拉国","20567","千克","0","?","226,068",
"202606","85439090","品目8543所列其他设备及装置的零件","105","文莱","52","千克","0","?","4,441",
"202606","85439090","品目8543所列其他设备及装置的零件","106","缅甸","543","千克","0","?","3,471",
"202606","85439090","品目8543所列其他设备及装置的零件","107","柬埔寨","16158","千克","0","?","119,711",
"202606","85439090","品目8543所列其他设备及装置的零件","108","塞浦路斯","112","千克","0","?","15,938",
"202606","85439090","品目8543所列其他设备及装置的零件","110","中国香港","61451","千克","0","?","20,949,640",
"202606","85439090","品目8543所列其他设备及装置的零件","111","印度","297239","千克","0","?","5,420,024",
"202606","85439090","品目8543所列其他设备及装置的零件","112","印度尼西亚","684134","千克","0","?","34,351,681",
"202606","85439090","品目8543所列其他设备及装置的零件","113","伊朗","2140","千克","0","?","24,085",
"202606","85439090","品目8543所列其他设备及装置的零件","114","伊拉克","5526","千克","0","?","301,420",
"202606","85439090","品目8543所列其他设备及装置的零件","115","以色列","9718","千克","0","?","1,009,851",
"202606","85439090","品目8543所列其他设备及装置的零件","116","日本","28890","千克","0","?","2,011,972",
"202606","85439090","品目8543所列其他设备及装置的零件","117","约旦","1718","千克","0","?","136,928",
"202606","85439090","品目8543所列其他设备及装置的零件","118","科威特","998","千克","0","?","81,730",
"202606","85439090","品目8543所列其他设备及装置的零件","119","老挝","244","千克","0","?","1,840",
"202606","85439090","品目8543所列其他设备及装置的零件","120","黎巴嫩","4","千克","0","?","201",
"202606","85439090","品目8543所列其他设备及装置的零件","121","中国澳门","3262","千克","0","?","988,637",
"202606","85439090","品目8543所列其他设备及装置的零件","122","马来西亚","222015","千克","0","?","27,228,362",
"202606","85439090","品目8543所列其他设备及装置的零件","123","马尔代夫","1","千克","0","?","63",
"202606","85439090","品目8543所列其他设备及装置的零件","124","蒙古","3417","千克","0","?","169,658",
"202606","85439090","品目8543所列其他设备及装置的零件","125","尼泊尔","0","千克","0","?","128",
"202606","85439090","品目8543所列其他设备及装置的零件","126","阿曼","124","千克","0","?","17,520",
"202606","85439090","品目8543所列其他设备及装置的零件","127","巴基斯坦","93670","千克","0","?","1,276,404",
"202606","85439090","品目8543所列其他设备及装置的零件","128","巴勒斯坦","697","千克","0","?","56,961",
"202606","85439090","品目8543所列其他设备及装置的零件","129","菲律宾","60818","千克","0","?","1,596,046",
"202606","85439090","品目8543所列其他设备及装置的零件","130","卡塔尔","151","千克","0","?","15,057",
"202606","85439090","品目8543所列其他设备及装置的零件","131","沙特阿拉伯","232185","千克","0","?","1,888,426",
"202606","85439090","品目8543所列其他设备及装置的零件","132","新加坡","88872","千克","0","?","2,077,283",
"202606","85439090","品目8543所列其他设备及装置的零件","133","韩国","95714","千克","0","?","7,580,248",
"202606","85439090","品目8543所列其他设备及装置的零件","134","斯里兰卡","69","千克","0","?","14,294",
"202606","85439090","品目8543所列其他设备及装置的零件","136","泰国","141691","千克","0","?","2,866,019",
"202606","85439090","品目8543所列其他设备及装置的零件","137","土耳其","17889","千克","0","?","203,718",
"202606","85439090","品目8543所列其他设备及装置的零件","138","阿联酋","47160","千克","0","?","2,069,430",
"202606","85439090","品目8543所列其他设备及装置的零件","141","越南","3874609","千克","0","?","19,880,556",
"202606","85439090","品目8543所列其他设备及装置的零件","143","中国台湾","96598","千克","0","?","4,413,835",
"202606","85439090","品目8543所列其他设备及装置的零件","144","东帝汶","9","千克","0","?","1,040",
"202606","85439090","品目8543所列其他设备及装置的零件","145","哈萨克斯坦","1495","千克","0","?","134,268",
"202606","85439090","品目8543所列其他设备及装置的零件","146","吉尔吉斯斯坦","1543","千克","0","?","25,032",
"202606","85439090","品目8543所列其他设备及装置的零件","147","塔吉克斯坦","5048","千克","0","?","34,303",
"202606","85439090","品目8543所列其他设备及装置的零件","148","土库曼斯坦","52","千克","0","?","182",
"202606","85439090","品目8543所列其他设备及装置的零件","149","乌兹别克斯坦","24","千克","0","?","5,465",
"202606","85439090","品目8543所列其他设备及装置的零件","150","格鲁吉亚","435","千克","0","?","41,143",
"202606","85439090","品目8543所列其他设备及装置的零件","151","亚美尼亚","134","千克","0","?","6,544",
"202606","85439090","品目8543所列其他设备及装置的零件","152","阿塞拜疆","1201","千克","0","?","11,004",
"202606","85439090","品目8543所列其他设备及装置的零件","201","阿尔及利亚","14180","千克","0","?","329,701",
"202606","85439090","品目8543所列其他设备及装置的零件","202","安哥拉","12","千克","0","?","5,638",
"202606","85439090","品目8543所列其他设备及装置的零件","207","加那利群岛","1","千克","0","?","122",
"202606","85439090","品目8543所列其他设备及装置的零件","214","吉布提","10","千克","0","?","3,394",
"202606","85439090","品目8543所列其他设备及装置的零件","215","埃及","71303","千克","0","?","767,632",
"202606","85439090","品目8543所列其他设备及装置的零件","217","埃塞俄比亚","24","千克","0","?","3,663",
"202606","85439090","品目8543所列其他设备及装置的零件","218","加蓬","5","千克","0","?","1,375",
"202606","85439090","品目8543所列其他设备及装置的零件","220","加纳","2234","千克","0","?","15,456",
"202606","85439090","品目8543所列其他设备及装置的零件","221","几内亚","1800","千克","0","?","29,297",
"202606","85439090","品目8543所列其他设备及装置的零件","223","科特迪瓦","218","千克","0","?","4,476",
"202606","85439090","品目8543所列其他设备及装置的零件","224","肯尼亚","877","千克","0","?","53,402",
"202606","85439090","品目8543所列其他设备及装置的零件","225","利比里亚","2418","千克","0","?","188,934",
"202606","85439090","品目8543所列其他设备及装置的零件","226","利比亚","630","千克","0","?","2,646",
"202606","85439090","品目8543所列其他设备及装置的零件","227","马达加斯加","9","千克","0","?","600",
"202606","85439090","品目8543所列其他设备及装置的零件","228","马拉维","35","千克","0","?","1,780",
"202606","85439090","品目8543所列其他设备及装置的零件","231","毛里求斯","2","千克","0","?","281",
"202606","85439090","品目8543所列其他设备及装置的零件","232","摩洛哥","11480","千克","0","?","126,694",
"202606","85439090","品目8543所列其他设备及装置的零件","233","莫桑比克","1147","千克","0","?","12,052",
"202606","85439090","品目8543所列其他设备及装置的零件","234","纳米比亚","0","千克","0","?","225",
"202606","85439090","品目8543所列其他设备及装置的零件","235","尼日尔","505","千克","0","?","11,980",
"202606","85439090","品目8543所列其他设备及装置的零件","236","尼日利亚","4359","千克","0","?","58,338",
"202606","85439090","品目8543所列其他设备及装置的零件","240","塞内加尔","0","千克","0","?","1",
"202606","85439090","品目8543所列其他设备及装置的零件","241","塞舌尔","0","千克","0","?","12",
"202606","85439090","品目8543所列其他设备及装置的零件","244","南非","36348","千克","0","?","640,853",
"202606","85439090","品目8543所列其他设备及装置的零件","247","坦桑尼亚","216241","千克","0","?","1,250,867",
"202606","85439090","品目8543所列其他设备及装置的零件","249","突尼斯","1377","千克","0","?","17,289",
"202606","85439090","品目8543所列其他设备及装置的零件","250","乌干达","1468","千克","0","?","3,895",
"202606","85439090","品目8543所列其他设备及装置的零件","251","布基纳法索","3","千克","0","?","92",
"202606","85439090","品目8543所列其他设备及装置的零件","252","刚果民主共和国","976872","千克","0","?","6,934,220",
"202606","85439090","品目8543所列其他设备及装置的零件","253","赞比亚","444683","千克","0","?","3,001,619",
"202606","85439090","品目8543所列其他设备及装置的零件","301","比利时","499","千克","0","?","77,965",
"202606","85439090","品目8543所列其他设备及装置的零件","302","丹麦","2042","千克","0","?","212,662",
"202606","85439090","品目8543所列其他设备及装置的零件","303","英国","151674","千克","0","?","15,558,367",
"202606","85439090","品目8543所列其他设备及装置的零件","304","德国","98101","千克","0","?","8,490,352",
"202606","85439090","品目8543所列其他设备及装置的零件","305","法国","99689","千克","0","?","7,941,922",
"202606","85439090","品目8543所列其他设备及装置的零件","306","爱尔兰","2643","千克","0","?","228,235",
"202606","85439090","品目8543所列其他设备及装置的零件","307","意大利","44765","千克","0","?","2,575,142",
"202606","85439090","品目8543所列其他设备及装置的零件","309","荷兰","18211","千克","0","?","1,212,487",
"202606","85439090","品目8543所列其他设备及装置的零件","310","希腊","12084","千克","0","?","1,908,811",
"202606","85439090","品目8543所列其他设备及装置的零件","311","葡萄牙","1521","千克","0","?","96,047",
"202606","85439090","品目8543所列其他设备及装置的零件","312","西班牙","16071","千克","0","?","1,417,141",
"202606","85439090","品目8543所列其他设备及装置的零件","313","阿尔巴尼亚","1","千克","0","?","4,994",
"202606","85439090","品目8543所列其他设备及装置的零件","314","安道尔","566","千克","0","?","99,883",
"202606","85439090","品目8543所列其他设备及装置的零件","315","奥地利","2471","千克","0","?","257,465",
"202606","85439090","品目8543所列其他设备及装置的零件","316","保加利亚","2301","千克","0","?","257,069",
"202606","85439090","品目8543所列其他设备及装置的零件","318","芬兰","23","千克","0","?","5,190",
"202606","85439090","品目8543所列其他设备及装置的零件","321","匈牙利","9120","千克","0","?","199,856",
"202606","85439090","品目8543所列其他设备及装置的零件","322","冰岛","190","千克","0","?","35,743",
"202606","85439090","品目8543所列其他设备及装置的零件","324","马耳他","474","千克","0","?","83,074",
"202606","85439090","品目8543所列其他设备及装置的零件","326","挪威","102298","千克","0","?","444,253",
"202606","85439090","品目8543所列其他设备及装置的零件","327","波兰","15158","千克","0","?","1,649,469",
"202606","85439090","品目8543所列其他设备及装置的零件","328","罗马尼亚","1276","千克","0","?","132,548",
"202606","85439090","品目8543所列其他设备及装置的零件","329","圣马力诺","349","千克","0","?","28,127",
"202606","85439090","品目8543所列其他设备及装置的零件","330","瑞典","6621","千克","0","?","510,312",
"202606","85439090","品目8543所列其他设备及装置的零件","331","瑞士","3000","千克","0","?","510,879",
"202606","85439090","品目8543所列其他设备及装置的零件","334","爱沙尼亚","103","千克","0","?","8,814",
"202606","85439090","品目8543所列其他设备及装置的零件","335","拉脱维亚","330","千克","0","?","68,837",
"202606","85439090","品目8543所列其他设备及装置的零件","336","立陶宛","3036","千克","0","?","414,886",
"202606","85439090","品目8543所列其他设备及装置的零件","340","白俄罗斯","22169","千克","0","?","810,197",
"202606","85439090","品目8543所列其他设备及装置的零件","343","摩尔多瓦","577","千克","0","?","47,538",
"202606","85439090","品目8543所列其他设备及装置的零件","344","俄罗斯","603149","千克","0","?","20,955,164",
"202606","85439090","品目8543所列其他设备及装置的零件","347","乌克兰","6288","千克","0","?","812,835",
"202606","85439090","品目8543所列其他设备及装置的零件","350","斯洛文尼亚","6854","千克","0","?","1,560,904",
"202606","85439090","品目8543所列其他设备及装置的零件","351","克罗地亚","10428","千克","0","?","2,076,107",
"202606","85439090","品目8543所列其他设备及装置的零件","352","捷克","22965","千克","0","?","1,205,542",
"202606","85439090","品目8543所列其他设备及装置的零件","353","斯洛伐克","1241","千克","0","?","71,840",
"202606","85439090","品目8543所列其他设备及装置的零件","354","北马其顿","111","千克","0","?","7,338",
"202606","85439090","品目8543所列其他设备及装置的零件","355","波斯尼亚和黑塞哥维那","1","千克","0","?","450",
"202606","85439090","品目8543所列其他设备及装置的零件","358","塞尔维亚","2732","千克","0","?","34,857",
"202606","85439090","品目8543所列其他设备及装置的零件","362","马恩岛","350","千克","0","?","762",
"202606","85439090","品目8543所列其他设备及装置的零件","402","阿根廷","120530","千克","0","?","391,138",
"202606","85439090","品目8543所列其他设备及装置的零件","404","巴哈马","410","千克","0","?","59,382",
"202606","85439090","品目8543所列其他设备及装置的零件","408","玻利维亚
","6","千克","0","?","4,000",
"202606","85439090","品目8543所列其他设备及装置的零件","410","巴西","65113","千克","0","?","1,512,070",
"202606","85439090","品目8543所列其他设备及装置的零件","412","智利","21856","千克","0","?","333,680",
"202606","85439090","品目8543所列其他设备及装置的零件","413","哥伦比亚","663","千克","0","?","58,276",
"202606","85439090","品目8543所列其他设备及装置的零件","415","哥斯达黎加","17","千克","0","?","753",
"202606","85439090","品目8543所列其他设备及装置的零件","418","多米尼加
","1210","千克","0","?","143,161",
"202606","85439090","品目8543所列其他设备及装置的零件","419","厄瓜多尔","3743","千克","0","?","142,917",
"202606","85439090","品目8543所列其他设备及装置的零件","423","危地马拉","3616","千克","0","?","41,032",
"202606","85439090","品目8543所列其他设备及装置的零件","426","洪都拉斯","24","千克","0","?","1,508",
"202606","85439090","品目8543所列其他设备及装置的零件","427","牙买加","8","千克","0","?","313",
"202606","85439090","品目8543所列其他设备及装置的零件","429","墨西哥","50006","千克","0","?","1,827,486",
"202606","85439090","品目8543所列其他设备及装置的零件","431","尼加拉瓜","15","千克","0","?","19",
"202606","85439090","品目8543所列其他设备及装置的零件","432","巴拿马","4050","千克","0","?","240,953",
"202606","85439090","品目8543所列其他设备及装置的零件","433","巴拉圭","4962","千克","0","?","393,259",
"202606","85439090","品目8543所列其他设备及装置的零件","434","秘鲁","6798","千克","0","?","76,065",
"202606","85439090","品目8543所列其他设备及装置的零件","435","波多黎各","25","千克","0","?","7,757",
"202606","85439090","品目8543所列其他设备及装置的零件","437","圣卢西亚","3","千克","0","?","975",
"202606","85439090","品目8543所列其他设备及装置的零件","440","萨尔瓦多","4","千克","0","?","90",
"202606","85439090","品目8543所列其他设备及装置的零件","444","乌拉圭","1219","千克","0","?","41,677",
"202606","85439090","品目8543所列其他设备及装置的零件","445","委内瑞拉","99","千克","0","?","18,385",
"202606","85439090","品目8543所列其他设备及装置的零件","501","加拿大","773950","千克","0","?","9,846,009",
"202606","85439090","品目8543所列其他设备及装置的零件","502","美国","974696","千克","0","?","33,755,312",
"202606","85439090","品目8543所列其他设备及装置的零件","601","澳大利亚","15027","千克","0","?","723,275",
"202606","85439090","品目8543所列其他设备及装置的零件","603","斐济","3703","千克","0","?","9,258",
"202606","85439090","品目8543所列其他设备及装置的零件","607","新喀里多尼亚","114","千克","0","?","9,140",
"202606","85439090","品目8543所列其他设备及装置的零件","609","新西兰","11286","千克","0","?","381,753",
"202606","85439090","品目8543所列其他设备及装置的零件","613","所罗门群岛","2","千克","0","?","394",
"202606","85439090","品目8543所列其他设备及装置的零件","621","马绍尔群岛","410","千克","0","?","155,372",
"202606","85439090","品目8543所列其他设备及装置的零件","629","关岛
","14","千克","0","?","2,543",
